{"stats":{"minecraft:killed_by":{"mine_curse:curse_11":1},"minecraft:dropped":{"arthas_rpg_arms:plated_steel_leggings":2,"minecraft:birch_planks":2,"minecraft:wheat_seeds":9,"minecraft:cooked_beef":5,"rpgsmw:rpg_weapons_book":1,"minecraft:iron_helmet":1,"minecraft:leather":7,"mine_curse:life_scroll":20,"minecraft:cobweb":3,"minecraft:dirt":1,"minecraft:torch":12,"minecraft:iron_door":1,"rpgsmw:ironscane":5,"mine_curse:cursed_object":1,"minecraft:iron_leggings":2,"minecraft:iron_pickaxe":2,"minecraft:string":7,"arthas_rpg_arms:plated_steel_chestplate":2,"mine_curse:sukuna_technique":2,"mine_curse:body_snatcher_icon":1,"arthas_rpg_arms:plated_steel_helmet":4,"minecraft:stone_sword":1,"mine_curse:hundred_yens":1,"minecraft:iron_boots":1,"arthas_rpg_arms:plated_steel_boots":4,"arthas_rpg_arms:sword_of_the_void":1,"arthas_rpg_arms:devoid_chestplate":1,"minecraft:iron_chestplate":2,"mine_curse:recomendation_letter":2,"minecraft:cow_spawn_egg":1,"arthas_rpg_arms:amethyst_crown_helmet":3,"mine_curse:reverse_scroll":1},"minecraft:picked_up":{"arthas_rpg_arms:plated_steel_boots":3,"minecraft:iron_chestplate":1,"minecraft:azure_bluet":3,"minecraft:chicken":1,"prefab:item_welcome_center":1,"minecraft:gold_block":1,"minecraft:stone_brick_stairs":1,"minecraft:string":15,"minecraft:iron_leggings":1,"minecraft:beef":14,"minecraft:iron_pickaxe":1,"arthas_rpg_arms:excalibur":1,"rpgsmw:ironscane":4,"minecraft:torch":12,"mine_curse:sukuna_technique":1,"minecraft:diorite":1,"arthas_rpg_arms:plated_steel_chestplate":1,"minecraft:arrow":6,"minecraft:stone_sword":1,"mine_curse:wormeat":15,"arthas_rpg_arms:plated_steel_helmet":3,"minecraft:rotten_flesh":15,"minecraft:cow_spawn_egg":1,"minecraft:mutton":9,"minecraft:white_wool":5,"minecraft:cobblestone":65,"minecraft:enchanting_table":1,"minecraft:iron_door":1,"minecraft:andesite":1,"minecraft:leather":18,"minecraft:birch_planks":2,"minecraft:oak_log":24,"arthas_rpg_arms:vase":1,"mine_curse:bandana":1,"arthas_rpg_arms:amethyst_crown_helmet":4,"minecraft:dirt":17,"minecraft:bone":9,"arthas_rpg_arms:plated_steel_leggings":1,"minecraft:stone_bricks":2,"arthas_rpg_arms:sword_of_the_void":2,"minecraft:wheat_seeds":22,"minecraft:cobweb":3,"minecraft:iron_ore":33,"rpgsmw:rpg_weapons_book":3,"arthas_rpg_arms:devoid_chestplate":1,"mine_curse:recomendation_letter":2,"minecraft:gravel":3,"minecraft:dark_oak_log":2,"minecraft:diamond":4,"minecraft:soul_lantern":1,"minecraft:granite":1,"minecraft:emerald":4,"minecraft:coal":216,"minecraft:ender_pearl":1},"minecraft:custom":{"minecraft:mob_kills":55,"minecraft:interact_with_crafting_table":14,"minecraft:leave_game":16,"minecraft:time_since_death":98662,"minecraft:climb_one_cm":470,"minecraft:damage_resisted":34974,"minecraft:sprint_one_cm":73131,"minecraft:walk_one_cm":1082932,"minecraft:drop":79,"minecraft:deaths":6,"minecraft:sneak_time":7412,"minecraft:walk_under_water_one_cm":18963,"minecraft:jump":3590,"minecraft:walk_on_water_one_cm":66441,"minecraft:interact_with_furnace":47,"minecraft:play_one_minute":377459,"minecraft:sleep_in_bed":1,"minecraft:time_since_rest":98692,"minecraft:open_enderchest":1,"minecraft:damage_taken":24399,"minecraft:damage_dealt":46908,"minecraft:swim_one_cm":577,"minecraft:fly_one_cm":568864,"minecraft:player_kills":1,"minecraft:open_chest":14,"minecraft:crouch_one_cm":15536,"minecraft:fall_one_cm":95533,"minecraft:horse_one_cm":45185},"minecraft:killed":{"mine_curse:curse_41":7,"mine_curse:curse_11":6,"mine_curse:shadow_curse_12":1,"mine_curse:curse_31":3,"mine_curse:curse_42":15,"minecraft:sheep":1,"mine_curse:sorcerer_grade_1":2,"minecraft:zombie":4,"mine_curse:curse_21":2,"minecraft:cow":2},"minecraft:mined":{"minecraft:diamond_ore":4,"minecraft:granite":1,"minecraft:grass_block":1,"arthas_rpg_arms:vase":1,"minecraft:iron_ore":32,"minecraft:fire":18,"minecraft:andesite":1,"minecraft:gold_block":1,"minecraft:enchanting_table":1,"minecraft:stone":68,"minecraft:soul_lantern":1,"minecraft:torch":1,"minecraft:emerald_ore":4,"minecraft:tall_grass":4,"minecraft:diorite":1,"minecraft:stone_brick_stairs":1,"minecraft:grass":18,"minecraft:oak_log":13,"minecraft:coal_ore":212,"minecraft:stone_bricks":6,"minecraft:oak_leaves":1},"minecraft:crafted":{"minecraft:oak_planks":96,"minecraft:furnace":4,"minecraft:iron_boots":2,"minecraft:stone_pickaxe":1,"minecraft:cooked_beef":5,"minecraft:crafting_table":2,"minecraft:wooden_pickaxe":1,"minecraft:iron_helmet":1,"minecraft:air":0,"minecraft:iron_chestplate":2,"minecraft:stick":40,"minecraft:iron_pickaxe":2,"minecraft:iron_ingot":59,"minecraft:stone_sword":1,"minecraft:iron_leggings":2,"minecraft:torch":112},"minecraft:used":{"arthas_rpg_arms:excalibur":2,"minecraft:stone_sword":19,"minecraft:flint_and_steel":1,"minecraft:bone_block":6,"minecraft:chest":5,"mine_curse:inverted_spear_of_heaven":4,"minecraft:torch":97,"minecraft:mutton":3,"minecraft:villager_spawn_egg":3,"minecraft:grass_block":319,"mine_curse:sorcerer_grade_1_spawn_egg":5,"minecraft:stone_bricks":1,"minecraft:beef":5,"minecraft:furnace":4,"minecraft:cooked_beef":14,"mca:male_villager_spawn_egg":36,"minecraft:diorite":1,"minecraft:cow_spawn_egg":2,"minecraft:spruce_door":2,"minecraft:stone_pickaxe":123,"minecraft:oak_planks":32,"minecraft:ender_pearl":1,"mine_curse:wormeat":7,"minecraft:wooden_pickaxe":22,"minecraft:mossy_cobblestone":1,"minecraft:crafting_table":2,"mca:female_villager_spawn_egg":41,"minecraft:creeper_spawn_egg":2,"minecraft:oak_log":19,"minecraft:dark_oak_log":5,"minecraft:iron_pickaxe":189,"arthas_rpg_arms:soul_scythe":1,"minecraft:cobblestone":1,"minecraft:smooth_stone_slab":16}},"DataVersion":2586}