{"stats":{"minecraft:killed":{"solo_leveling:spider_boss":2,"solo_leveling:hobgoblin_bomber":13,"solo_leveling:steel_fang":4,"minecraft:creeper":1,"solo_leveling:golem":6},"minecraft:custom":{"minecraft:time_since_rest":24018,"minecraft:crouch_one_cm":121,"minecraft:sprint_one_cm":17704,"minecraft:play_time":32188,"minecraft:deaths":1,"minecraft:walk_one_cm":33311,"minecraft:sneak_time":112,"minecraft:interact_with_anvil":3,"minecraft:mob_kills":26,"minecraft:jump":173,"minecraft:damage_dealt":5997,"minecraft:leave_game":1,"minecraft:time_since_death":23978,"minecraft:total_world_time":32188,"minecraft:fall_one_cm":948,"minecraft:fly_one_cm":209080},"minecraft:picked_up":{"solo_leveling:magic_crystalll":23,"solo_leveling:rune_stone":1,"minecraft:soul_torch":4},"minecraft:used":{"solo_leveling:kamish_dagger_1":79,"minecraft:dirt":7,"minecraft:anvil":1,"solo_leveling:kamish_dagger_2":71,"solo_leveling:hobgoblin_bomber_spawn_egg":13,"solo_leveling:portal_spawn_egg":1}},"DataVersion":3465}