{"stats":{"minecraft:picked_up":{"minecraft:leather":3,"minecraft:torch":2,"minecraft:soul_torch":4,"solo_leveling:kamish_tooth":1,"minecraft:cornflower":1,"minecraft:glass":1,"minecraft:arrow":3,"minecraft:rotten_flesh":2,"solo_leveling:magic_crystalll":34,"minecraft:beef":8,"minecraft:painting":1,"minecraft:rose_bush":1,"solo_leveling:rune_stone":1,"minecraft:egg":1},"minecraft:crafted":{"minecraft:crafting_table":1,"minecraft:iron_helmet":1},"minecraft:killed":{"minecraft:skeleton":3,"minecraft:husk":1,"minecraft:zombie":1,"solo_leveling:steel_fang":13,"solo_leveling:igris":1,"naturalist:butterfly":1,"solo_leveling:spider_boss":2,"solo_leveling:hobgoblin_bomber":13,"solo_leveling:kamish":1,"solo_leveling:ice_monarch":1,"minecraft:creeper":1,"solo_leveling:golem":6,"minecraft:cow":3},"minecraft:dropped":{"minecraft:cooked_beef":7,"minecraft:torch":1,"minecraft:glass":1},"minecraft:used":{"solo_leveling:kamish_dagger_1":171,"minecraft:birch_door":3,"minecraft:iron_hoe":34,"minecraft:wheat_seeds":32,"minecraft:glass":1143,"minecraft:water_bucket":62,"minecraft:diamond_pickaxe":2,"solo_leveling:kamish_dagger_2":164,"minecraft:flint_and_steel":2,"minecraft:spruce_door":5,"solo_leveling:hobgoblin_bomber_spawn_egg":13,"solo_leveling:dagger":12,"minecraft:grass_block":10,"minecraft:verdant_froglight":223,"minecraft:iron_helmet":1,"minecraft:chest":14,"minecraft:spruce_planks":12,"minecraft:iron_sword":1,"minecraft:torch":126,"minecraft:cobblestone":1,"minecraft:dirt":7,"minecraft:anvil":1,"minecraft:crafting_table":1,"minecraft:tall_grass":1,"minecraft:oak_slab":25,"minecraft:glass_pane":17,"minecraft:stripped_oak_wood":1,"minecraft:jungle_planks":15,"minecraft:andesite":55,"minecraft:acacia_wood":304,"minecraft:black_candle":7,"minecraft:sponge":10,"minecraft:cooked_beef":2,"minecraft:egg":1,"minecraft:warped_planks":2,"solo_leveling:portal_spawn_egg":1,"minecraft:soul_torch":36},"minecraft:mined":{"minecraft:spawner":2},"minecraft:custom":{"minecraft:time_since_rest":13524,"minecraft:waystone_activated":1,"minecraft:sprint_one_cm":77745,"minecraft:walk_one_cm":160652,"minecraft:mob_kills":49,"minecraft:interact_with_anvil":3,"minecraft:drop":9,"minecraft:damage_dealt":11073,"minecraft:interact_with_crafting_table":2,"minecraft:fly_one_cm":725827,"minecraft:open_chest":25,"minecraft:crouch_one_cm":758,"minecraft:play_time":160814,"minecraft:deaths":2,"minecraft:sneak_time":2292,"minecraft:walk_under_water_one_cm":405,"minecraft:jump":705,"minecraft:leave_game":4,"minecraft:walk_on_water_one_cm":3959,"minecraft:time_since_death":17649,"minecraft:sleep_in_bed":2,"minecraft:climb_one_cm":412,"minecraft:total_world_time":160814,"minecraft:fall_one_cm":7554},"minecraft:killed_by":{"minecraft:husk":1}},"DataVersion":3465}