{"stats":{"minecraft:picked_up":{"minecraft:birch_log":22,"minecraft:waxed_oxidized_cut_copper":9,"minecraft:mud_bricks":1,"solo_leveling:dagger":1,"minecraft:leather":3,"minecraft:diamond_sword":2,"minecraft:packed_mud":2,"minecraft:oak_log":16,"minecraft:gunpowder":3,"solo_leveling:kamish_tooth":1,"minecraft:cornflower":1,"minecraft:dirt":22,"minecraft:string":1,"minecraft:waxed_weathered_cut_copper":1,"minecraft:glass":1,"minecraft:bone":35,"minecraft:waxed_exposed_cut_copper":1,"minecraft:cartography_table":1,"minecraft:cobbled_deepslate":35,"minecraft:dark_prismarine_stairs":4,"minecraft:beef":8,"minecraft:player_head":1,"minecraft:rose_bush":1,"solo_leveling:rune_stone":2,"minecraft:tinted_glass":6,"minecraft:copper_ore":1,"minecraft:egg":1,"minecraft:black_terracotta":1,"minecraft:acacia_fence":1,"minecraft:torch":2,"minecraft:note_block":2,"minecraft:soul_torch":4,"minecraft:loom":1,"minecraft:dark_prismarine":3,"minecraft:dark_oak_planks":3,"minecraft:arrow":25,"minecraft:rotten_flesh":39,"minecraft:soul_lantern":1,"solo_leveling:magic_crystalll":67,"minecraft:painting":1,"minecraft:saddle":4,"minecraft:mutton":1,"minecraft:white_wool":2},"minecraft:crafted":{"minecraft:oak_planks":64,"minecraft:crafting_table":2,"minecraft:iron_helmet":1,"minecraft:birch_planks":88,"minecraft:stick":4,"minecraft:wooden_axe":1},"minecraft:killed":{"solo_leveling:giga_goblin":3,"minecraft:husk":4,"solo_leveling:hobgoblin_club":5,"solo_leveling:steel_fang":13,"naturalist:butterfly":1,"solo_leveling:goblin_2":16,"minecraft:spider":1,"naturalist:robin":1,"solo_leveling:kamish":1,"solo_leveling:ice_monarch":1,"minecraft:ravager":4,"minecraft:creeper":2,"minecraft:sheep":1,"minecraft:skeleton":17,"minecraft:zombie":34,"solo_leveling:hobgoblin_assassin":2,"solo_leveling:igris":1,"solo_leveling:goblin":7,"solo_leveling:spider_boss":2,"solo_leveling:hobgoblin_bomber":18,"solo_leveling:golem":7,"minecraft:cow":3},"minecraft:dropped":{"minecraft:cooked_beef":12,"minecraft:rotten_flesh":12,"solo_leveling:dagger":1,"minecraft:diamond_sword":1,"minecraft:torch":1,"minecraft:rose_bush":1,"minecraft:arrow":4,"minecraft:glass":2,"minecraft:white_wool":1},"minecraft:used":{"solo_leveling:kamish_dagger_1":171,"minecraft:wheat_seeds":32,"minecraft:water_bucket":62,"solo_leveling:kamish_dagger_2":164,"minecraft:spruce_door":5,"minecraft:flint_and_steel":2,"solo_leveling:hobgoblin_bomber_spawn_egg":13,"minecraft:birch_planks":27,"minecraft:oak_planks":45,"minecraft:chest":14,"minecraft:spruce_planks":12,"minecraft:iron_sword":1,"minecraft:torch":225,"minecraft:dirt":29,"minecraft:anvil":1,"minecraft:oak_slab":25,"minecraft:crafting_table":2,"minecraft:jungle_planks":15,"minecraft:sponge":10,"minecraft:warped_planks":2,"minecraft:birch_door":3,"minecraft:iron_hoe":34,"minecraft:glass":1143,"minecraft:dark_oak_planks":1,"minecraft:wooden_axe":38,"minecraft:diamond_pickaxe":117,"solo_leveling:dagger":459,"minecraft:grass_block":10,"minecraft:verdant_froglight":223,"minecraft:iron_helmet":1,"minecraft:cobblestone":1,"minecraft:tall_grass":1,"minecraft:stripped_oak_wood":1,"minecraft:andesite":55,"minecraft:glass_pane":17,"minecraft:black_candle":7,"minecraft:acacia_wood":304,"minecraft:egg":1,"minecraft:cooked_beef":38,"solo_leveling:golem_spawn_egg":1,"solo_leveling:portal_spawn_egg":4,"minecraft:soul_torch":36},"minecraft:mined":{"minecraft:dark_oak_planks":3,"minecraft:dark_prismarine_stairs":4,"minecraft:dark_prismarine":4,"minecraft:black_terracotta":2,"minecraft:soul_lantern":1,"minecraft:note_block":2,"minecraft:cave_vines_plant":2,"minecraft:mud_bricks":1,"minecraft:cartography_table":1,"minecraft:spawner":12,"minecraft:waxed_oxidized_cut_copper":10,"minecraft:packed_mud":2,"minecraft:tinted_glass":6,"minecraft:birch_log":25,"minecraft:tnt":1,"minecraft:peony":1,"minecraft:grass":1,"minecraft:cave_vines":2,"minecraft:oak_log":16,"minecraft:loom":1,"minecraft:dirt":22,"minecraft:waxed_weathered_cut_copper":1,"minecraft:waxed_exposed_cut_copper":1,"minecraft:deepslate":35,"minecraft:oak_leaves":1},"minecraft:custom":{"minecraft:interact_with_anvil":3,"minecraft:mob_kills":166,"minecraft:tune_noteblock":56,"minecraft:interact_with_crafting_table":3,"minecraft:open_barrel":1,"minecraft:interact_with_loom":1,"minecraft:leave_game":5,"minecraft:time_since_death":3020,"minecraft:sleep_in_bed":2,"minecraft:climb_one_cm":2889,"minecraft:time_since_rest":3050,"minecraft:waystone_activated":1,"minecraft:sprint_one_cm":266647,"minecraft:walk_one_cm":530761,"minecraft:drop":21,"minecraft:damage_dealt":28227,"minecraft:play_noteblock":3,"minecraft:fly_one_cm":1220104,"minecraft:player_kills":1,"minecraft:open_chest":53,"minecraft:crouch_one_cm":5265,"minecraft:play_time":268659,"minecraft:deaths":11,"minecraft:sneak_time":3806,"minecraft:walk_under_water_one_cm":405,"minecraft:jump":2262,"minecraft:interact_with_blast_furnace":1,"minecraft:walk_on_water_one_cm":7162,"minecraft:total_world_time":268659,"minecraft:fall_one_cm":29160},"minecraft:killed_by":{"minecraft:husk":1,"solo_leveling:hobgoblin_bomber":1,"minecraft:wither_skeleton":1,"minecraft:skeleton":2,"minecraft:zombie":2,"solo_leveling:ruler":3}},"DataVersion":3465}