{"stats":{"minecraft:killed_by":{"mine_curse:curse_11":1},"minecraft:dropped":{"mine_curse:sukuna_technique":2,"arthas_rpg_arms:plated_steel_leggings":2,"arthas_rpg_arms:plated_steel_helmet":4,"minecraft:wheat_seeds":3,"minecraft:cooked_beef":5,"minecraft:stone_sword":1,"rpgsmw:rpg_weapons_book":1,"minecraft:iron_helmet":1,"minecraft:iron_boots":1,"mine_curse:hundred_yens":1,"minecraft:leather":7,"arthas_rpg_arms:plated_steel_boots":4,"mine_curse:life_scroll":20,"arthas_rpg_arms:devoid_chestplate":1,"minecraft:dirt":1,"minecraft:torch":12,"mine_curse:recomendation_letter":2,"minecraft:iron_chestplate":2,"minecraft:iron_door":1,"rpgsmw:ironscane":5,"minecraft:iron_leggings":2,"minecraft:cow_spawn_egg":1,"arthas_rpg_arms:amethyst_crown_helmet":3,"minecraft:iron_pickaxe":2,"minecraft:string":7,"mine_curse:reverse_scroll":1,"arthas_rpg_arms:plated_steel_chestplate":2},"minecraft:picked_up":{"minecraft:enchanting_table":1,"arthas_rpg_arms:plated_steel_boots":3,"minecraft:iron_chestplate":1,"minecraft:iron_door":1,"minecraft:andesite":1,"minecraft:leather":18,"prefab:item_welcome_center":1,"minecraft:gold_block":1,"minecraft:stone_brick_stairs":1,"minecraft:oak_log":24,"arthas_rpg_arms:vase":1,"mine_curse:bandana":1,"minecraft:string":15,"minecraft:dirt":17,"arthas_rpg_arms:amethyst_crown_helmet":3,"minecraft:iron_leggings":1,"minecraft:bone":9,"minecraft:stone_bricks":2,"arthas_rpg_arms:plated_steel_leggings":1,"arthas_rpg_arms:sword_of_the_void":1,"minecraft:wheat_seeds":16,"minecraft:beef":14,"minecraft:iron_ore":33,"minecraft:cobweb":3,"minecraft:iron_pickaxe":1,"rpgsmw:ironscane":4,"arthas_rpg_arms:excalibur":1,"rpgsmw:rpg_weapons_book":3,"arthas_rpg_arms:devoid_chestplate":1,"mine_curse:recomendation_letter":2,"minecraft:torch":12,"minecraft:gravel":3,"mine_curse:sukuna_technique":1,"minecraft:diorite":1,"minecraft:dark_oak_log":2,"arthas_rpg_arms:plated_steel_chestplate":1,"minecraft:stone_sword":1,"mine_curse:wormeat":13,"minecraft:arrow":6,"arthas_rpg_arms:plated_steel_helmet":3,"minecraft:rotten_flesh":15,"minecraft:diamond":4,"minecraft:cow_spawn_egg":1,"minecraft:soul_lantern":1,"minecraft:granite":1,"minecraft:emerald":4,"minecraft:mutton":7,"minecraft:coal":216,"minecraft:white_wool":4,"minecraft:cobblestone":65,"minecraft:ender_pearl":1},"minecraft:custom":{"minecraft:interact_with_furnace":47,"minecraft:mob_kills":48,"minecraft:interact_with_crafting_table":14,"minecraft:play_one_minute":315067,"minecraft:leave_game":14,"minecraft:time_since_death":36270,"minecraft:sleep_in_bed":1,"minecraft:damage_resisted":34366,"minecraft:climb_one_cm":470,"minecraft:time_since_rest":36300,"minecraft:sprint_one_cm":63114,"minecraft:damage_taken":23997,"minecraft:walk_one_cm":809645,"minecraft:drop":69,"minecraft:damage_dealt":33813,"minecraft:swim_one_cm":239,"minecraft:player_kills":1,"minecraft:fly_one_cm":446823,"minecraft:crouch_one_cm":12888,"minecraft:open_chest":11,"minecraft:deaths":6,"minecraft:sneak_time":6598,"minecraft:walk_under_water_one_cm":17218,"minecraft:jump":2752,"minecraft:walk_on_water_one_cm":48393,"minecraft:fall_one_cm":72692,"minecraft:horse_one_cm":45185},"minecraft:killed":{"mine_curse:curse_41":6,"mine_curse:curse_11":5,"mine_curse:shadow_curse_12":1,"minecraft:sheep":1,"minecraft:zombie":4,"mine_curse:curse_21":2,"mine_curse:curse_31":3,"mine_curse:curse_42":15,"minecraft:cow":2},"minecraft:mined":{"minecraft:diamond_ore":4,"minecraft:soul_lantern":1,"minecraft:torch":1,"minecraft:granite":1,"minecraft:emerald_ore":4,"minecraft:grass_block":1,"arthas_rpg_arms:vase":1,"minecraft:tall_grass":3,"minecraft:diorite":1,"minecraft:iron_ore":32,"minecraft:andesite":1,"minecraft:gold_block":1,"minecraft:stone_brick_stairs":1,"minecraft:enchanting_table":1,"minecraft:grass":11,"minecraft:coal_ore":212,"minecraft:oak_log":13,"minecraft:stone_bricks":6,"minecraft:stone":68,"minecraft:oak_leaves":1},"minecraft:crafted":{"minecraft:cooked_beef":5,"minecraft:oak_planks":96,"minecraft:crafting_table":2,"minecraft:wooden_pickaxe":1,"minecraft:iron_helmet":1,"minecraft:furnace":4,"minecraft:air":0,"minecraft:iron_boots":2,"minecraft:iron_chestplate":2,"minecraft:stick":40,"minecraft:iron_ingot":59,"minecraft:iron_pickaxe":2,"minecraft:stone_pickaxe":1,"minecraft:stone_sword":1,"minecraft:iron_leggings":2,"minecraft:torch":112},"minecraft:used":{"arthas_rpg_arms:excalibur":2,"minecraft:cow_spawn_egg":2,"minecraft:diorite":1,"minecraft:stone_sword":19,"minecraft:spruce_door":2,"minecraft:flint_and_steel":1,"minecraft:stone_pickaxe":123,"minecraft:bone_block":6,"minecraft:oak_planks":32,"mine_curse:wormeat":7,"minecraft:ender_pearl":1,"minecraft:wooden_pickaxe":22,"mine_curse:inverted_spear_of_heaven":4,"minecraft:torch":97,"minecraft:mossy_cobblestone":1,"minecraft:mutton":3,"minecraft:crafting_table":2,"minecraft:creeper_spawn_egg":2,"minecraft:oak_log":14,"minecraft:dark_oak_log":3,"minecraft:grass_block":319,"minecraft:iron_pickaxe":189,"arthas_rpg_arms:soul_scythe":1,"minecraft:cobblestone":1,"minecraft:beef":5,"minecraft:furnace":4,"minecraft:cooked_beef":10}},"DataVersion":2586}