{"stats":{"minecraft:killed":{"minecraft:zombie":1,"solo_leveling:steel_fang":13,"solo_leveling:igris":1,"solo_leveling:spider_boss":2,"solo_leveling:hobgoblin_bomber":13,"solo_leveling:ice_monarch":1,"solo_leveling:kamish":1,"minecraft:creeper":1,"solo_leveling:golem":6,"minecraft:cow":3},"minecraft:custom":{"minecraft:time_since_rest":97010,"minecraft:waystone_activated":1,"minecraft:sprint_one_cm":55100,"minecraft:walk_one_cm":128032,"minecraft:interact_with_anvil":3,"minecraft:mob_kills":44,"minecraft:drop":2,"minecraft:damage_dealt":9974,"minecraft:fly_one_cm":705108,"minecraft:open_chest":22,"minecraft:crouch_one_cm":758,"minecraft:play_time":139287,"minecraft:deaths":1,"minecraft:sneak_time":2292,"minecraft:walk_under_water_one_cm":405,"minecraft:jump":544,"minecraft:leave_game":3,"minecraft:walk_on_water_one_cm":3959,"minecraft:time_since_death":131077,"minecraft:sleep_in_bed":1,"minecraft:total_world_time":139287,"minecraft:fall_one_cm":2945},"minecraft:picked_up":{"minecraft:leather":3,"minecraft:torch":2,"minecraft:soul_torch":4,"solo_leveling:kamish_tooth":1,"minecraft:cornflower":1,"minecraft:glass":1,"minecraft:rotten_flesh":1,"solo_leveling:magic_crystalll":34,"minecraft:beef":8,"minecraft:rose_bush":1,"solo_leveling:rune_stone":1,"minecraft:egg":1},"minecraft:dropped":{"minecraft:torch":1,"minecraft:glass":1},"minecraft:used":{"solo_leveling:kamish_dagger_1":171,"minecraft:birch_door":3,"minecraft:iron_hoe":34,"minecraft:wheat_seeds":32,"minecraft:glass":1143,"minecraft:water_bucket":62,"solo_leveling:kamish_dagger_2":164,"minecraft:spruce_door":5,"minecraft:flint_and_steel":2,"solo_leveling:hobgoblin_bomber_spawn_egg":13,"solo_leveling:dagger":2,"minecraft:grass_block":10,"minecraft:verdant_froglight":223,"minecraft:chest":14,"minecraft:spruce_planks":12,"minecraft:iron_sword":1,"minecraft:torch":126,"minecraft:cobblestone":1,"minecraft:dirt":7,"minecraft:anvil":1,"minecraft:tall_grass":1,"minecraft:oak_slab":25,"minecraft:stripped_oak_wood":1,"minecraft:jungle_planks":15,"minecraft:glass_pane":17,"minecraft:andesite":55,"minecraft:acacia_wood":304,"minecraft:black_candle":7,"minecraft:sponge":10,"minecraft:egg":1,"minecraft:warped_planks":2,"solo_leveling:portal_spawn_egg":1,"minecraft:soul_torch":36}},"DataVersion":3465}