{"stats":{"minecraft:killed":{"solo_leveling:steel_fang":13,"solo_leveling:igris":1,"solo_leveling:spider_boss":2,"solo_leveling:hobgoblin_bomber":13,"minecraft:creeper":1,"solo_leveling:golem":6,"minecraft:cow":3},"minecraft:custom":{"minecraft:time_since_rest":25136,"minecraft:waystone_activated":1,"minecraft:sprint_one_cm":28160,"minecraft:walk_one_cm":68771,"minecraft:interact_with_anvil":3,"minecraft:mob_kills":41,"minecraft:damage_dealt":8476,"minecraft:fly_one_cm":478416,"minecraft:crouch_one_cm":451,"minecraft:play_time":67413,"minecraft:deaths":1,"minecraft:sneak_time":1269,"minecraft:jump":264,"minecraft:time_since_death":59203,"minecraft:leave_game":2,"minecraft:walk_on_water_one_cm":1814,"minecraft:sleep_in_bed":1,"minecraft:total_world_time":67413,"minecraft:fall_one_cm":948},"minecraft:picked_up":{"minecraft:leather":3,"minecraft:soul_torch":4,"solo_leveling:magic_crystalll":34,"minecraft:beef":8,"solo_leveling:rune_stone":1},"minecraft:used":{"minecraft:birch_door":1,"solo_leveling:kamish_dagger_1":109,"minecraft:water_bucket":62,"solo_leveling:kamish_dagger_2":99,"minecraft:flint_and_steel":2,"solo_leveling:hobgoblin_bomber_spawn_egg":13,"solo_leveling:dagger":2,"minecraft:spruce_planks":12,"minecraft:torch":7,"minecraft:dirt":7,"minecraft:anvil":1,"minecraft:cobblestone":1,"minecraft:acacia_wood":33,"minecraft:black_candle":7,"minecraft:sponge":10,"minecraft:warped_planks":2,"solo_leveling:portal_spawn_egg":1,"minecraft:soul_torch":36}},"DataVersion":3465}