{"stats":{"minecraft:crafted":{"minecraft:oak_planks":64,"sophisticatedbackpacks:iron_backpack":1,"minecraft:crafting_table":2,"minecraft:iron_helmet":1,"sophisticatedbackpacks:gold_backpack":1,"minecraft:birch_planks":88,"sophisticatedbackpacks:diamond_backpack":1,"minecraft:stick":36,"minecraft:wooden_axe":1,"minecraft:torch":128},"minecraft:killed":{"solo_leveling:hobgoblin_club":5,"minecraft:spider":1,"naturalist:robin":1,"solo_leveling:ice_monarch":1,"minecraft:skeleton":17,"solo_leveling:hobgoblin_assassin":2,"solo_leveling:igris":3,"solo_leveling:spider_boss":2,"solo_leveling:hobgoblin_bomber":18,"solo_leveling:golem":7,"solo_leveling:giga_goblin":3,"minecraft:husk":4,"solo_leveling:steel_fang":27,"naturalist:butterfly":1,"solo_leveling:goblin_2":16,"solo_leveling:kamish":1,"minecraft:ravager":4,"minecraft:creeper":2,"minecraft:sheep":1,"minecraft:zombie":37,"solo_leveling:serpent":2,"solo_leveling:goblin":7,"minecraft:cow":3},"minecraft:mined":{"minecraft:dark_oak_planks":4,"minecraft:dark_prismarine_stairs":6,"minecraft:dark_prismarine":7,"minecraft:spruce_planks":1,"minecraft:black_terracotta":2,"minecraft:cave_vines_plant":2,"minecraft:white_stained_glass":8,"minecraft:mud_bricks":7,"minecraft:cartography_table":1,"minecraft:spawner":15,"minecraft:waxed_oxidized_cut_copper":15,"minecraft:packed_mud":8,"minecraft:cobbled_deepslate":4,"minecraft:peony":1,"minecraft:dark_oak_stairs":1,"minecraft:cave_vines":2,"minecraft:waxed_cut_copper":1,"minecraft:soul_lantern":1,"minecraft:note_block":2,"minecraft:mud_brick_stairs":1,"minecraft:gray_stained_glass":4,"minecraft:amethyst_block":5,"minecraft:spruce_stairs":1,"minecraft:birch_planks":1,"minecraft:tinted_glass":6,"minecraft:light_gray_stained_glass":3,"minecraft:birch_log":25,"minecraft:waxed_oxidized_cut_copper_stairs":1,"minecraft:tnt":1,"minecraft:grass":1,"minecraft:oak_log":16,"minecraft:loom":1,"minecraft:dirt":22,"minecraft:waxed_weathered_cut_copper":1,"minecraft:waxed_exposed_cut_copper":2,"minecraft:oak_leaves":1,"minecraft:deepslate":35},"minecraft:custom":{"minecraft:mob_kills":191,"minecraft:interact_with_anvil":4,"minecraft:interact_with_crafting_table":9,"minecraft:open_barrel":1,"minecraft:bell_ring":2,"minecraft:leave_game":7,"minecraft:time_since_death":67609,"minecraft:climb_one_cm":3000,"minecraft:sprint_one_cm":304122,"minecraft:walk_one_cm":643284,"minecraft:drop":23,"minecraft:play_noteblock":4,"minecraft:play_time":350087,"minecraft:deaths":15,"minecraft:sneak_time":5085,"minecraft:walk_under_water_one_cm":1333,"minecraft:jump":2775,"minecraft:interact_with_blast_furnace":1,"minecraft:walk_on_water_one_cm":10669,"minecraft:total_world_time":350087,"minecraft:tune_noteblock":56,"minecraft:interact_with_loom":1,"minecraft:sleep_in_bed":2,"minecraft:time_since_rest":67634,"minecraft:waystone_activated":1,"minecraft:damage_dealt":33315,"minecraft:fly_one_cm":1285267,"minecraft:player_kills":2,"minecraft:open_chest":71,"minecraft:crouch_one_cm":10069,"minecraft:fall_one_cm":68200},"minecraft:killed_by":{"minecraft:husk":1,"solo_leveling:hobgoblin_bomber":1,"minecraft:wither_skeleton":1,"minecraft:skeleton":5,"minecraft:zombie":3,"solo_leveling:ruler":3},"minecraft:picked_up":{"minecraft:waxed_oxidized_cut_copper":16,"solo_leveling:dagger":2,"minecraft:diamond_sword":2,"minecraft:amethyst_block":2,"solo_leveling:kamish_tooth":1,"minecraft:cornflower":1,"minecraft:string":1,"minecraft:cyan_carpet":3,"minecraft:cartography_table":1,"minecraft:cobbled_deepslate":39,"minecraft:dark_prismarine_stairs":6,"minecraft:waxed_exposed_cut_copper":2,"minecraft:beef":8,"minecraft:rose_bush":1,"minecraft:player_head":1,"minecraft:tinted_glass":6,"minecraft:copper_ore":1,"minecraft:egg":1,"minecraft:acacia_fence":1,"minecraft:torch":2,"minecraft:spruce_stairs":1,"minecraft:note_block":4,"minecraft:dark_oak_planks":4,"minecraft:arrow":25,"minecraft:rotten_flesh":40,"solo_leveling:magic_crystalll":84,"minecraft:waxed_oxidized_cut_copper_stairs":1,"minecraft:saddle":4,"minecraft:waxed_cut_copper":1,"minecraft:mutton":1,"minecraft:white_wool":2,"minecraft:birch_log":22,"minecraft:mud_bricks":9,"minecraft:cooked_beef":1,"minecraft:leather":3,"minecraft:mud_brick_stairs":1,"minecraft:birch_planks":1,"minecraft:packed_mud":7,"minecraft:oak_log":16,"minecraft:gunpowder":3,"minecraft:dirt":23,"minecraft:waxed_weathered_cut_copper":1,"minecraft:glass":1,"minecraft:bone":35,"solo_leveling:rune_stone":2,"minecraft:dark_oak_stairs":1,"minecraft:book":1,"minecraft:black_terracotta":2,"minecraft:soul_torch":4,"minecraft:loom":1,"minecraft:dark_prismarine":6,"minecraft:soul_lantern":1,"minecraft:painting":1},"minecraft:dropped":{"minecraft:cooked_beef":13,"minecraft:torch":1,"minecraft:rose_bush":1,"minecraft:white_wool":1,"minecraft:rotten_flesh":12,"solo_leveling:dagger":2,"minecraft:diamond_sword":1,"minecraft:arrow":4,"minecraft:glass":2},"minecraft:used":{"solo_leveling:kamish_dagger_1":238,"solo_leveling:kamish_dagger_2":235,"minecraft:flint_and_steel":2,"minecraft:chest":14,"minecraft:spruce_planks":12,"minecraft:iron_sword":1,"minecraft:torch":266,"minecraft:dirt":29,"minecraft:anvil":2,"minecraft:jungle_planks":15,"minecraft:birch_door":3,"minecraft:iron_hoe":34,"minecraft:glass":1145,"minecraft:dark_oak_planks":1,"minecraft:wooden_axe":38,"solo_leveling:rasaka_venom":5,"minecraft:grass_block":10,"minecraft:iron_helmet":1,"minecraft:stone_bricks":1,"minecraft:tall_grass":1,"minecraft:acacia_wood":304,"minecraft:egg":1,"minecraft:cooked_beef":47,"minecraft:wheat_seeds":32,"minecraft:water_bucket":62,"minecraft:spruce_door":5,"solo_leveling:hobgoblin_bomber_spawn_egg":13,"minecraft:birch_planks":57,"choups_drakvyrn_mod:black_drakvyrn_armor_helmet":1,"minecraft:oak_planks":67,"minecraft:oak_slab":25,"minecraft:crafting_table":2,"minecraft:sponge":10,"minecraft:warped_planks":2,"minecraft:diamond_pickaxe":176,"solo_leveling:dagger":544,"minecraft:verdant_froglight":223,"solo_leveling:igris_spawn_egg":1,"minecraft:cobblestone":1,"minecraft:stripped_oak_wood":1,"minecraft:andesite":55,"minecraft:glass_pane":17,"minecraft:black_candle":7,"solo_leveling:golem_spawn_egg":1,"solo_leveling:portal_spawn_egg":4,"minecraft:soul_torch":36}},"DataVersion":3465}