{"stats":{"minecraft:killed":{"minecraft:spider":2,"solo_leveling:goblin_2":12,"solo_leveling:boss_golem":1,"minecraft:zombie":1,"solo_leveling:beru":1,"solo_leveling:hobgoblin_assassin":19,"solo_leveling:steel_fang":15,"solo_leveling:igris":1,"solo_leveling:golem":6,"solo_leveling:serpent":1},"minecraft:mined":{"minecraft:grass_block":2},"minecraft:custom":{"minecraft:time_since_rest":5287,"minecraft:play_time":92494,"minecraft:crouch_one_cm":1231,"minecraft:sprint_one_cm":120933,"minecraft:walk_one_cm":120889,"minecraft:deaths":1,"minecraft:sneak_time":390,"minecraft:walk_under_water_one_cm":296,"minecraft:mob_kills":63,"minecraft:drop":1,"minecraft:jump":1182,"minecraft:damage_dealt":12479,"minecraft:leave_game":9,"minecraft:time_since_death":5257,"minecraft:walk_on_water_one_cm":2539,"minecraft:total_world_time":92494,"minecraft:fly_one_cm":403940,"minecraft:fall_one_cm":958},"minecraft:picked_up":{"minecraft:wheat_seeds":7,"solo_leveling:magic_crystalll":59,"solo_leveling:rune_stone":1,"minecraft:soul_torch":3,"minecraft:poppy":1,"solo_leveling:kamish_dagger_1":1,"minecraft:dirt":2,"minecraft:string":2},"minecraft:dropped":{"solo_leveling:kamish_dagger_1":1},"minecraft:used":{"solo_leveling:kamish_dagger_1":160,"solo_leveling:kamish_dagger_2":150,"minecraft:dirt":1,"solo_leveling:rasaka_venom":36,"solo_leveling:dagger":61,"solo_leveling:hobgoblin_assassin_spawn_egg":22,"solo_leveling:goblin_2_spawn_egg":12}},"DataVersion":3465}