{"stats":{"minecraft:killed":{"minecraft:creeper":1,"solo_leveling:hobgoblin_bomber":13},"minecraft:custom":{"minecraft:jump":80,"minecraft:time_since_rest":12018,"minecraft:damage_dealt":2797,"minecraft:crouch_one_cm":61,"minecraft:leave_game":1,"minecraft:play_time":20188,"minecraft:sprint_one_cm":5882,"minecraft:walk_one_cm":15735,"minecraft:time_since_death":11978,"minecraft:deaths":1,"minecraft:sneak_time":31,"minecraft:total_world_time":20188,"minecraft:mob_kills":14,"minecraft:fall_one_cm":948,"minecraft:fly_one_cm":7265},"minecraft:picked_up":{"solo_leveling:magic_crystalll":13},"minecraft:used":{"solo_leveling:kamish_dagger_1":32,"minecraft:dirt":4,"solo_leveling:kamish_dagger_2":27,"solo_leveling:hobgoblin_bomber_spawn_egg":13}},"DataVersion":3465}