{"stats":{"minecraft:picked_up":{"minecraft:birch_log":12,"solo_leveling:dagger":1,"minecraft:leather":3,"solo_leveling:kamish_tooth":1,"minecraft:cornflower":1,"minecraft:dirt":22,"minecraft:string":1,"minecraft:glass":1,"minecraft:bone":2,"minecraft:cartography_table":1,"minecraft:beef":8,"minecraft:rose_bush":1,"solo_leveling:rune_stone":2,"minecraft:egg":1,"minecraft:torch":2,"minecraft:soul_torch":4,"minecraft:arrow":4,"minecraft:rotten_flesh":13,"minecraft:soul_lantern":1,"solo_leveling:magic_crystalll":67,"minecraft:painting":1,"minecraft:mutton":1,"minecraft:white_wool":2},"minecraft:crafted":{"minecraft:crafting_table":2,"minecraft:iron_helmet":1,"minecraft:birch_planks":16,"minecraft:stick":4,"minecraft:wooden_axe":1},"minecraft:killed":{"solo_leveling:giga_goblin":3,"minecraft:husk":4,"solo_leveling:hobgoblin_club":5,"solo_leveling:steel_fang":13,"naturalist:butterfly":1,"solo_leveling:goblin_2":16,"minecraft:spider":1,"naturalist:robin":1,"solo_leveling:kamish":1,"solo_leveling:ice_monarch":1,"minecraft:creeper":1,"minecraft:sheep":1,"minecraft:skeleton":5,"minecraft:zombie":11,"solo_leveling:hobgoblin_assassin":2,"solo_leveling:igris":1,"solo_leveling:goblin":7,"solo_leveling:spider_boss":2,"solo_leveling:hobgoblin_bomber":18,"solo_leveling:golem":7,"minecraft:cow":3},"minecraft:dropped":{"minecraft:cooked_beef":12,"minecraft:rotten_flesh":12,"solo_leveling:dagger":1,"minecraft:torch":1,"minecraft:rose_bush":1,"minecraft:arrow":4,"minecraft:glass":2,"minecraft:white_wool":1},"minecraft:used":{"solo_leveling:kamish_dagger_1":171,"minecraft:wheat_seeds":32,"minecraft:water_bucket":62,"solo_leveling:kamish_dagger_2":164,"minecraft:spruce_door":5,"minecraft:flint_and_steel":2,"solo_leveling:hobgoblin_bomber_spawn_egg":13,"minecraft:chest":14,"minecraft:spruce_planks":12,"minecraft:iron_sword":1,"minecraft:torch":128,"minecraft:dirt":12,"minecraft:anvil":1,"minecraft:oak_slab":25,"minecraft:crafting_table":2,"minecraft:jungle_planks":15,"minecraft:sponge":10,"minecraft:warped_planks":2,"minecraft:birch_door":3,"minecraft:iron_hoe":34,"minecraft:glass":1143,"minecraft:wooden_axe":12,"minecraft:diamond_pickaxe":31,"solo_leveling:dagger":375,"minecraft:grass_block":10,"minecraft:verdant_froglight":223,"minecraft:iron_helmet":1,"minecraft:cobblestone":1,"minecraft:tall_grass":1,"minecraft:stripped_oak_wood":1,"minecraft:andesite":55,"minecraft:glass_pane":17,"minecraft:black_candle":7,"minecraft:acacia_wood":304,"minecraft:egg":1,"minecraft:cooked_beef":21,"solo_leveling:golem_spawn_egg":1,"solo_leveling:portal_spawn_egg":4,"minecraft:soul_torch":36},"minecraft:mined":{"minecraft:soul_lantern":1,"minecraft:cartography_table":1,"minecraft:spawner":3,"minecraft:birch_log":16,"minecraft:grass":1,"minecraft:dirt":22},"minecraft:custom":{"minecraft:interact_with_anvil":3,"minecraft:mob_kills":110,"minecraft:interact_with_crafting_table":3,"minecraft:leave_game":5,"minecraft:time_since_death":39376,"minecraft:sleep_in_bed":2,"minecraft:climb_one_cm":2208,"minecraft:time_since_rest":39411,"minecraft:waystone_activated":1,"minecraft:sprint_one_cm":187902,"minecraft:walk_one_cm":329440,"minecraft:drop":20,"minecraft:damage_dealt":20945,"minecraft:fly_one_cm":1161674,"minecraft:open_chest":26,"minecraft:crouch_one_cm":1799,"minecraft:play_time":226659,"minecraft:deaths":3,"minecraft:sneak_time":2542,"minecraft:walk_under_water_one_cm":405,"minecraft:jump":1601,"minecraft:walk_on_water_one_cm":4348,"minecraft:total_world_time":226659,"minecraft:fall_one_cm":19095},"minecraft:killed_by":{"minecraft:husk":1,"solo_leveling:hobgoblin_bomber":1}},"DataVersion":3465}