{"stats":{"minecraft:killed":{"solo_leveling:spider_boss":2,"solo_leveling:hobgoblin_bomber":13,"solo_leveling:steel_fang":13,"solo_leveling:igris":1,"minecraft:creeper":1,"solo_leveling:golem":6,"minecraft:cow":3},"minecraft:custom":{"minecraft:time_since_rest":106,"minecraft:waystone_activated":1,"minecraft:crouch_one_cm":156,"minecraft:sprint_one_cm":27581,"minecraft:play_time":42383,"minecraft:deaths":1,"minecraft:walk_one_cm":59687,"minecraft:sneak_time":160,"minecraft:interact_with_anvil":3,"minecraft:mob_kills":41,"minecraft:jump":240,"minecraft:damage_dealt":8476,"minecraft:leave_game":2,"minecraft:time_since_death":34173,"minecraft:sleep_in_bed":1,"minecraft:total_world_time":42383,"minecraft:fall_one_cm":948,"minecraft:fly_one_cm":233306},"minecraft:picked_up":{"minecraft:leather":3,"solo_leveling:magic_crystalll":34,"minecraft:beef":8,"solo_leveling:rune_stone":1,"minecraft:soul_torch":4},"minecraft:used":{"solo_leveling:kamish_dagger_1":109,"minecraft:dirt":7,"minecraft:anvil":1,"solo_leveling:kamish_dagger_2":99,"solo_leveling:hobgoblin_bomber_spawn_egg":13,"solo_leveling:dagger":2,"solo_leveling:portal_spawn_egg":1}},"DataVersion":3465}