{"stats":{"minecraft:crafted":{"minecraft:crafting_table":1,"minecraft:stick":8,"minecraft:spruce_planks":12,"minecraft:wooden_pickaxe":1,"minecraft:baked_potato":14,"minecraft:stone_pickaxe":1,"minecraft:torch":8,"minecraft:stone_axe":1,"minecraft:air":0},"minecraft:killed":{"solo_leveling:goblin":20,"solo_leveling:goblin_2":20,"minecraft:iron_golem":1},"minecraft:mined":{"minecraft:white_bed":1,"minecraft:carrots":3,"minecraft:spruce_log":3,"minecraft:torch":1,"minecraft:coal_ore":20,"minecraft:potatoes":7,"minecraft:dirt_path":3,"solo_leveling:magic_crystal":2,"minecraft:dirt":15,"minecraft:stone":18,"minecraft:wall_torch":1},"minecraft:broken":{"minecraft:stone_axe":1},"minecraft:custom":{"minecraft:time_since_rest":160,"minecraft:sprint_one_cm":164077,"minecraft:walk_one_cm":154863,"minecraft:mob_kills":41,"minecraft:drop":1,"minecraft:damage_dealt":5376,"minecraft:interact_with_crafting_table":2,"minecraft:fly_one_cm":260656,"minecraft:crouch_one_cm":19,"minecraft:play_time":39486,"minecraft:deaths":13,"minecraft:sneak_time":48,"minecraft:jump":816,"minecraft:leave_game":3,"minecraft:time_since_death":112,"minecraft:sleep_in_bed":1,"minecraft:total_world_time":39486,"minecraft:interact_with_smoker":6,"minecraft:fall_one_cm":7907},"minecraft:killed_by":{"solo_leveling:goblin":1,"solo_leveling:goblin_2":6,"solo_leveling:giga_goblin":4},"minecraft:picked_up":{"minecraft:torch":2,"minecraft:poisonous_potato":2,"minecraft:potato":20,"minecraft:white_bed":1,"minecraft:spruce_log":3,"minecraft:carrot":8,"solo_leveling:magic_crystal":2,"minecraft:dirt":18,"solo_leveling:magic_crystalll":40,"minecraft:iron_ingot":3,"minecraft:poppy":1,"minecraft:coal":20,"minecraft:cobblestone":18},"minecraft:dropped":{"minecraft:poisonous_potato":1},"minecraft:used":{"minecraft:stone_pickaxe":25,"minecraft:baked_potato":14,"minecraft:wooden_pickaxe":33,"minecraft:diamond_chestplate":1,"minecraft:stone_axe":66,"minecraft:torch":5,"minecraft:diamond_sword":99,"minecraft:dirt":6,"minecraft:crafting_table":1,"minecraft:carrot":10,"minecraft:white_bed":1,"minecraft:potato":7}},"DataVersion":3465}