{"stats":{"minecraft:used":{"minecraft:crafting_table":1,"minecraft:stone_pickaxe":37,"minecraft:wooden_pickaxe":4},"minecraft:crafted":{"minecraft:dark_oak_planks":52,"minecraft:crafting_table":1,"minecraft:stick":8,"minecraft:stone_pickaxe":1,"minecraft:wooden_pickaxe":1},"minecraft:custom":{"minecraft:time_since_rest":26461,"minecraft:crouch_one_cm":1084,"minecraft:play_one_minute":26461,"minecraft:sprint_one_cm":9544,"minecraft:damage_taken":268,"minecraft:walk_one_cm":26051,"minecraft:sneak_time":378,"minecraft:mob_kills":3,"minecraft:jump":102,"minecraft:damage_dealt":694,"minecraft:leave_game":2,"minecraft:walk_on_water_one_cm":1603,"minecraft:time_since_death":26461,"minecraft:damage_resisted":12,"minecraft:interact_with_crafting_table":7,"minecraft:fall_one_cm":1640,"minecraft:fly_one_cm":16295},"minecraft:killed":{"mine_curse:curse_41":1,"mine_curse:curse_11":1,"minecraft:cow":1},"minecraft:mined":{"minecraft:grass":1,"minecraft:coal_ore":18,"minecraft:grass_block":6,"minecraft:dirt":4,"minecraft:fire":1,"minecraft:stone":23,"minecraft:dark_oak_log":13},"minecraft:picked_up":{"mine_curse:wormeat":1,"minecraft:leather":2,"minecraft:wheat_seeds":2,"mine_curse:body_snatcher_icon":2,"minecraft:beef":1,"minecraft:coal":18,"minecraft:dark_oak_log":13,"minecraft:dirt":10,"minecraft:cobblestone":23}},"DataVersion":2586}