{"stats":{"minecraft:custom":{"minecraft:time_since_rest":18174,"minecraft:crouch_one_cm":323,"minecraft:play_one_minute":18174,"minecraft:sprint_one_cm":6588,"minecraft:damage_taken":268,"minecraft:walk_one_cm":18433,"minecraft:sneak_time":67,"minecraft:mob_kills":3,"minecraft:jump":87,"minecraft:damage_dealt":694,"minecraft:leave_game":2,"minecraft:time_since_death":18174,"minecraft:walk_on_water_one_cm":86,"minecraft:damage_resisted":12,"minecraft:fall_one_cm":1431,"minecraft:fly_one_cm":12043},"minecraft:killed":{"mine_curse:curse_41":1,"mine_curse:curse_11":1,"minecraft:cow":1},"minecraft:mined":{"minecraft:grass":1,"minecraft:grass_block":2,"minecraft:fire":1},"minecraft:picked_up":{"mine_curse:wormeat":1,"minecraft:leather":2,"mine_curse:body_snatcher_icon":2,"minecraft:beef":1,"minecraft:dirt":2}},"DataVersion":2586}