{"stats":{"minecraft:killed_by":{"mine_curse:curse_11":2},"minecraft:used":{"minecraft:dark_oak_planks":2,"minecraft:stone_pickaxe":392,"minecraft:iron_pickaxe":121,"mine_curse:wormeat":2,"minecraft:wooden_pickaxe":4,"minecraft:stone_axe":80,"minecraft:dirt":5,"minecraft:crafting_table":3,"minecraft:furnace":2,"minecraft:granite":2},"minecraft:crafted":{"minecraft:cooked_beef":5,"minecraft:stone_shovel":1,"minecraft:crafting_table":1,"minecraft:stick":16,"minecraft:wooden_pickaxe":1,"minecraft:iron_ingot":5,"minecraft:iron_pickaxe":1,"minecraft:stone_pickaxe":3,"minecraft:furnace":2,"minecraft:dark_oak_planks":96,"minecraft:stone_axe":1,"minecraft:air":0},"minecraft:custom":{"minecraft:time_since_rest":21998,"minecraft:interact_with_furnace":6,"minecraft:sprint_one_cm":38577,"minecraft:damage_taken":2202,"minecraft:walk_one_cm":86135,"minecraft:mob_kills":20,"minecraft:damage_dealt":7486,"minecraft:swim_one_cm":9991,"minecraft:interact_with_crafting_table":12,"minecraft:fly_one_cm":68371,"minecraft:play_one_minute":53832,"minecraft:crouch_one_cm":2614,"minecraft:deaths":2,"minecraft:sneak_time":1678,"minecraft:walk_under_water_one_cm":8901,"minecraft:jump":394,"minecraft:leave_game":7,"minecraft:time_since_death":21969,"minecraft:walk_on_water_one_cm":26370,"minecraft:damage_resisted":503,"minecraft:fall_one_cm":7603},"minecraft:killed":{"mine_curse:curse_41":3,"mca:female_villager":1,"mine_curse:curse_11":1,"mine_curse:curse_42":11,"minecraft:cow":4},"minecraft:mined":{"minecraft:redstone_ore":16,"minecraft:iron_ore":16,"minecraft:fire":1,"minecraft:dark_oak_log":24,"minecraft:andesite":8,"minecraft:crafting_table":2,"minecraft:granite":39,"minecraft:grass":1,"minecraft:grass_block":10,"minecraft:coal_ore":93,"minecraft:dirt":18,"minecraft:stone":307,"minecraft:sugar_cane":7,"minecraft:diorite":20},"minecraft:picked_up":{"minecraft:crafting_table":2,"minecraft:andesite":8,"minecraft:leather":4,"mine_curse:body_snatcher_icon":2,"minecraft:diorite":20,"minecraft:redstone":71,"minecraft:dark_oak_log":24,"minecraft:dirt":28,"mine_curse:wormeat":3,"minecraft:wheat_seeds":2,"minecraft:beef":7,"minecraft:granite":39,"minecraft:iron_ore":15,"minecraft:sugar_cane":19,"minecraft:coal":91,"minecraft:cobblestone":297},"minecraft:broken":{"minecraft:stone_pickaxe":3,"minecraft:stone_axe":1}},"DataVersion":2586}