{"stats":{"minecraft:killed_by":{"mine_curse:curse_11":2},"minecraft:used":{"minecraft:dark_oak_planks":2,"minecraft:stone_pickaxe":46,"mine_curse:wormeat":1,"minecraft:wooden_pickaxe":4,"minecraft:stone_axe":77,"minecraft:dirt":5,"minecraft:crafting_table":1},"minecraft:crafted":{"minecraft:stone_shovel":1,"minecraft:crafting_table":1,"minecraft:stick":8,"minecraft:wooden_pickaxe":1,"minecraft:stone_pickaxe":1,"minecraft:furnace":2,"minecraft:dark_oak_planks":96,"minecraft:stone_axe":1},"minecraft:custom":{"minecraft:time_since_rest":3767,"minecraft:sprint_one_cm":31414,"minecraft:damage_taken":1536,"minecraft:walk_one_cm":46729,"minecraft:mob_kills":19,"minecraft:damage_dealt":7237,"minecraft:swim_one_cm":9991,"minecraft:interact_with_crafting_table":8,"minecraft:fly_one_cm":54140,"minecraft:play_one_minute":35601,"minecraft:crouch_one_cm":1380,"minecraft:deaths":2,"minecraft:sneak_time":503,"minecraft:walk_under_water_one_cm":8901,"minecraft:jump":327,"minecraft:leave_game":3,"minecraft:time_since_death":3738,"minecraft:walk_on_water_one_cm":26370,"minecraft:damage_resisted":329,"minecraft:fall_one_cm":5285},"minecraft:mined":{"minecraft:fire":1,"minecraft:dark_oak_log":24,"minecraft:crafting_table":1,"minecraft:grass":1,"minecraft:grass_block":9,"minecraft:coal_ore":23,"minecraft:dirt":4,"minecraft:stone":25,"minecraft:sugar_cane":7},"minecraft:killed":{"mine_curse:curse_41":2,"mca:female_villager":1,"mine_curse:curse_11":1,"mine_curse:curse_42":11,"minecraft:cow":4},"minecraft:picked_up":{"minecraft:crafting_table":1,"minecraft:leather":4,"mine_curse:body_snatcher_icon":2,"minecraft:dark_oak_log":24,"minecraft:dirt":13,"mine_curse:wormeat":2,"minecraft:wheat_seeds":2,"minecraft:beef":7,"minecraft:sugar_cane":19,"minecraft:coal":23,"minecraft:cobblestone":25}},"DataVersion":2586}