{"stats":{"minecraft:killed_by":{"mine_curse:curse_11":2},"minecraft:used":{"minecraft:dark_oak_planks":2,"minecraft:stone_pickaxe":168,"mine_curse:wormeat":2,"minecraft:wooden_pickaxe":4,"minecraft:stone_axe":80,"minecraft:dirt":5,"minecraft:crafting_table":2},"minecraft:crafted":{"minecraft:stone_shovel":1,"minecraft:crafting_table":1,"minecraft:stick":12,"minecraft:wooden_pickaxe":1,"minecraft:stone_pickaxe":2,"minecraft:furnace":2,"minecraft:dark_oak_planks":96,"minecraft:stone_axe":1},"minecraft:custom":{"minecraft:time_since_rest":10836,"minecraft:sprint_one_cm":37740,"minecraft:damage_taken":2202,"minecraft:walk_one_cm":59043,"minecraft:mob_kills":20,"minecraft:damage_dealt":7486,"minecraft:swim_one_cm":9991,"minecraft:interact_with_crafting_table":9,"minecraft:fly_one_cm":67710,"minecraft:crouch_one_cm":1904,"minecraft:play_one_minute":42670,"minecraft:deaths":2,"minecraft:sneak_time":1188,"minecraft:walk_under_water_one_cm":8901,"minecraft:jump":385,"minecraft:leave_game":4,"minecraft:time_since_death":10807,"minecraft:walk_on_water_one_cm":26370,"minecraft:damage_resisted":503,"minecraft:fall_one_cm":7603},"minecraft:mined":{"minecraft:fire":1,"minecraft:dark_oak_log":24,"minecraft:crafting_table":2,"minecraft:granite":6,"minecraft:grass":1,"minecraft:grass_block":10,"minecraft:coal_ore":44,"minecraft:dirt":6,"minecraft:stone":105,"minecraft:sugar_cane":7,"minecraft:diorite":11},"minecraft:killed":{"mine_curse:curse_41":3,"mca:female_villager":1,"mine_curse:curse_11":1,"mine_curse:curse_42":11,"minecraft:cow":4},"minecraft:picked_up":{"minecraft:crafting_table":2,"minecraft:leather":4,"mine_curse:body_snatcher_icon":2,"minecraft:diorite":11,"minecraft:dark_oak_log":24,"minecraft:dirt":16,"mine_curse:wormeat":3,"minecraft:wheat_seeds":2,"minecraft:beef":7,"minecraft:granite":6,"minecraft:sugar_cane":19,"minecraft:coal":42,"minecraft:cobblestone":103},"minecraft:broken":{"minecraft:stone_pickaxe":1,"minecraft:stone_axe":1}},"DataVersion":2586}