{"stats":{"minecraft:killed_by":{"minecraft:silverfish":1,"mine_curse:curse_11":2},"minecraft:used":{"minecraft:dark_oak_planks":2,"minecraft:stone_pickaxe":392,"minecraft:iron_pickaxe":250,"mine_curse:wormeat":2,"minecraft:wooden_pickaxe":4,"minecraft:stone_axe":80,"minecraft:dirt":5,"minecraft:crafting_table":3,"minecraft:furnace":2,"minecraft:cooked_beef":1,"minecraft:granite":2},"minecraft:crafted":{"minecraft:cooked_beef":7,"minecraft:stone_shovel":1,"minecraft:crafting_table":1,"minecraft:stick":16,"minecraft:wooden_pickaxe":1,"minecraft:iron_ingot":5,"minecraft:iron_pickaxe":1,"minecraft:stone_pickaxe":3,"minecraft:furnace":2,"minecraft:dark_oak_planks":96,"minecraft:stone_axe":1,"minecraft:air":0},"minecraft:custom":{"minecraft:time_since_rest":846,"minecraft:interact_with_furnace":7,"minecraft:sprint_one_cm":47477,"minecraft:damage_taken":2270,"minecraft:walk_one_cm":102719,"minecraft:mob_kills":20,"minecraft:damage_dealt":7504,"minecraft:swim_one_cm":9991,"minecraft:interact_with_crafting_table":12,"minecraft:fly_one_cm":78853,"minecraft:open_chest":2,"minecraft:play_one_minute":58335,"minecraft:crouch_one_cm":2614,"minecraft:deaths":3,"minecraft:sneak_time":1678,"minecraft:walk_under_water_one_cm":8901,"minecraft:jump":430,"minecraft:leave_game":7,"minecraft:time_since_death":816,"minecraft:walk_on_water_one_cm":26370,"minecraft:damage_resisted":520,"minecraft:fall_one_cm":8878},"minecraft:killed":{"mine_curse:curse_41":3,"mca:female_villager":1,"mine_curse:curse_11":1,"mine_curse:curse_42":11,"minecraft:cow":4},"minecraft:mined":{"minecraft:redstone_ore":19,"minecraft:iron_ore":22,"minecraft:fire":1,"minecraft:dark_oak_log":24,"minecraft:andesite":23,"minecraft:crafting_table":2,"minecraft:granite":41,"minecraft:grass":1,"minecraft:grass_block":10,"minecraft:coal_ore":93,"minecraft:dirt":20,"minecraft:lapis_ore":8,"minecraft:stone":396,"minecraft:sugar_cane":7,"minecraft:diorite":20,"minecraft:infested_stone":3},"minecraft:picked_up":{"minecraft:crafting_table":2,"minecraft:andesite":23,"minecraft:leather":4,"mine_curse:body_snatcher_icon":2,"minecraft:diorite":20,"minecraft:lapis_lazuli":52,"minecraft:redstone":86,"minecraft:dark_oak_log":24,"minecraft:dirt":30,"mine_curse:wormeat":3,"minecraft:wheat_seeds":2,"minecraft:beef":7,"minecraft:granite":41,"minecraft:iron_ore":21,"minecraft:sugar_cane":19,"minecraft:coal":91,"minecraft:cobblestone":385},"minecraft:broken":{"minecraft:stone_pickaxe":3,"minecraft:stone_axe":1}},"DataVersion":2586}