{"stats":{"minecraft:picked_up":{"mine_curse:wormeat":1,"minecraft:cooked_beef":3,"minecraft:wheat_seeds":7,"minecraft:iron_ore":34,"mine_curse:angel_icon":3,"minecraft:coal":10,"mca:book_romance":1,"minecraft:dark_oak_log":12,"minecraft:cobblestone":45},"minecraft:dropped":{"mine_curse:angel_icon":3,"mca:book_romance":1,"minecraft:wheat_seeds":4},"minecraft:used":{"minecraft:cobblestone":31,"minecraft:crafting_table":2,"minecraft:stone_pickaxe":75,"minecraft:wooden_pickaxe":23,"minecraft:cooked_beef":1},"minecraft:custom":{"minecraft:time_since_rest":13161,"minecraft:play_one_minute":37166,"minecraft:crouch_one_cm":27662,"minecraft:damage_taken":2334,"minecraft:walk_one_cm":208741,"minecraft:sprint_one_cm":10283,"minecraft:deaths":5,"minecraft:sneak_time":5507,"minecraft:walk_under_water_one_cm":179,"minecraft:drop":8,"minecraft:jump":188,"minecraft:leave_game":3,"minecraft:time_since_death":13119,"minecraft:walk_on_water_one_cm":9693,"minecraft:damage_resisted":3096,"minecraft:interact_with_crafting_table":3,"minecraft:fall_one_cm":50557,"minecraft:fly_one_cm":196271},"minecraft:crafted":{"minecraft:dark_oak_planks":48,"minecraft:crafting_table":2,"minecraft:stick":4,"minecraft:stone_pickaxe":1,"minecraft:wooden_pickaxe":1},"minecraft:killed_by":{"mca:male_villager":1},"minecraft:mined":{"minecraft:coal_ore":10,"minecraft:iron_ore":34,"minecraft:dark_oak_log":12,"minecraft:stone":54}},"DataVersion":2586}