{"stats":{"minecraft:picked_up":{"mine_curse:angel_icon":3,"mca:book_romance":1},"minecraft:dropped":{"mine_curse:angel_icon":3,"mca:book_romance":1},"minecraft:custom":{"minecraft:jump":67,"minecraft:time_since_rest":999,"minecraft:crouch_one_cm":653,"minecraft:play_one_minute":17863,"minecraft:walk_on_water_one_cm":206,"minecraft:deaths":3,"minecraft:sprint_one_cm":6663,"minecraft:damage_taken":914,"minecraft:time_since_death":969,"minecraft:walk_one_cm":69155,"minecraft:sneak_time":200,"minecraft:damage_resisted":966,"minecraft:interact_with_crafting_table":1,"minecraft:fall_one_cm":14736,"minecraft:drop":4,"minecraft:fly_one_cm":85929},"minecraft:killed_by":{"mca:male_villager":1}},"DataVersion":2586}