{"stats":{"minecraft:picked_up":{"mine_curse:wormeat":1,"minecraft:cooked_beef":3,"minecraft:wheat_seeds":4,"mine_curse:angel_icon":3,"mca:book_romance":1,"minecraft:dark_oak_log":12,"minecraft:cobblestone":12},"minecraft:dropped":{"mine_curse:angel_icon":3,"mca:book_romance":1,"minecraft:wheat_seeds":4},"minecraft:used":{"minecraft:crafting_table":1,"minecraft:wooden_pickaxe":12},"minecraft:custom":{"minecraft:time_since_rest":6951,"minecraft:play_one_minute":30956,"minecraft:crouch_one_cm":5961,"minecraft:damage_taken":2146,"minecraft:walk_one_cm":202069,"minecraft:sprint_one_cm":10248,"minecraft:deaths":5,"minecraft:sneak_time":1387,"minecraft:walk_under_water_one_cm":179,"minecraft:drop":8,"minecraft:jump":157,"minecraft:leave_game":2,"minecraft:time_since_death":6909,"minecraft:walk_on_water_one_cm":8015,"minecraft:damage_resisted":2814,"minecraft:interact_with_crafting_table":2,"minecraft:fall_one_cm":38025,"minecraft:fly_one_cm":192225},"minecraft:crafted":{"minecraft:dark_oak_planks":48,"minecraft:crafting_table":1,"minecraft:stick":4,"minecraft:wooden_pickaxe":1},"minecraft:killed_by":{"mca:male_villager":1},"minecraft:mined":{"minecraft:dark_oak_log":12,"minecraft:stone":12}},"DataVersion":2586}