{"stats":{"minecraft:crafted":{"minecraft:oak_planks":20,"minecraft:cooked_porkchop":10,"minecraft:crafting_table":1,"minecraft:wooden_pickaxe":1,"minecraft:stone_axe":1,"minecraft:stick":12,"minecraft:stone_pickaxe":1,"minecraft:wooden_axe":1},"minecraft:killed":{"minecraft:husk":6,"naturalist:firefly":1,"minecraft:spider":1,"minecraft:skeleton":1,"minecraft:zombie":3},"minecraft:mined":{"minecraft:spruce_planks":1,"minecraft:polished_deepslate_stairs":2,"minecraft:yellow_banner":2,"minecraft:soul_lantern":3,"minecraft:crafting_table":2,"minecraft:glow_lichen":1,"minecraft:blast_furnace":3,"minecraft:grass_block":2,"minecraft:rose_bush":1,"minecraft:tall_grass":14,"minecraft:soul_campfire":2,"minecraft:purple_bed":2,"minecraft:black_stained_glass":6,"minecraft:dark_oak_slab":2,"minecraft:furnace":2,"minecraft:grass":259,"minecraft:bookshelf":13,"minecraft:coal_ore":29,"minecraft:oak_log":5,"minecraft:iron_bars":1,"minecraft:stone":33,"minecraft:player_head":4,"minecraft:oak_leaves":1},"minecraft:custom":{"minecraft:interact_with_furnace":3,"minecraft:mob_kills":12,"minecraft:interact_with_crafting_table":7,"minecraft:leave_game":1,"minecraft:time_since_death":1501,"minecraft:sleep_in_bed":2,"minecraft:climb_one_cm":886,"minecraft:time_since_rest":198,"minecraft:sprint_one_cm":246060,"minecraft:walk_one_cm":149578,"minecraft:damage_blocked_by_shield":300,"minecraft:drop":11,"minecraft:damage_dealt":2664,"minecraft:fly_one_cm":42265,"minecraft:open_chest":1,"minecraft:crouch_one_cm":54,"minecraft:play_time":39699,"minecraft:deaths":4,"minecraft:sneak_time":58,"minecraft:walk_under_water_one_cm":426,"minecraft:jump":453,"minecraft:walk_on_water_one_cm":4219,"minecraft:total_world_time":39699,"minecraft:fall_one_cm":4284},"minecraft:killed_by":{"minecraft:husk":3,"mowziesmobs:frostmaw":1},"minecraft:picked_up":{"minecraft:crafting_table":2,"minecraft:leather_chestplate":1,"minecraft:cooked_beef":1,"minecraft:tripwire_hook":6,"minecraft:potion":2,"minecraft:oak_log":5,"minecraft:shield":1,"minecraft:dirt":17,"minecraft:soul_soil":2,"minecraft:iron_leggings":1,"minecraft:bone":1,"minecraft:cyan_carpet":2,"minecraft:wheat_seeds":32,"minecraft:spruce_planks":1,"minecraft:stone_pickaxe":2,"minecraft:rose_bush":1,"minecraft:player_head":5,"naturalist:snail_shell":1,"minecraft:spruce_trapdoor":1,"minecraft:iron_boots":1,"minecraft:furnace":2,"minecraft:book":39,"minecraft:cooked_porkchop":1,"minecraft:polished_deepslate_stairs":2,"minecraft:torch":32,"minecraft:red_banner":1,"minecraft:blast_furnace":3,"minecraft:barrel":1,"minecraft:stone_pressure_plate":1,"minecraft:yellow_banner":3,"minecraft:stone_sword":1,"minecraft:arrow":2,"minecraft:rotten_flesh":6,"minecraft:soul_lantern":5,"minecraft:coal":28,"minecraft:iron_bars":1,"minecraft:cobblestone":33},"minecraft:dropped":{"naturalist:snail_shell":1,"minecraft:player_head":1,"minecraft:glass_bottle":1,"minecraft:cooked_porkchop":5,"minecraft:rotten_flesh":4,"minecraft:coal":28,"minecraft:wooden_axe":1,"minecraft:wooden_pickaxe":1,"minecraft:stone_pickaxe":2,"minecraft:cyan_carpet":1},"minecraft:used":{"minecraft:yellow_banner":2,"minecraft:rose_bush":1,"minecraft:stone_sword":24,"minecraft:stone_pickaxe":52,"minecraft:shield":2,"minecraft:wooden_pickaxe":29,"minecraft:dirt":1,"minecraft:crafting_table":3,"minecraft:wooden_axe":7,"minecraft:cyan_carpet":1,"minecraft:iron_boots":1,"minecraft:stone_axe":24,"minecraft:potion":1,"minecraft:cooked_porkchop":3,"minecraft:cooked_beef":1}},"DataVersion":3465}