{"stats":{"minecraft:picked_up":{"minecraft:waxed_oxidized_cut_copper":14,"minecraft:crafting_table":5,"minecraft:potion":5,"minecraft:shield":1,"minecraft:soul_soil":2,"minecraft:cooked_salmon":1,"minecraft:compass":1,"minecraft:iron_leggings":1,"minecraft:armor_stand":2,"minecraft:cyan_carpet":2,"minecraft:comparator":2,"minecraft:spruce_planks":5,"minecraft:calcite":1,"minecraft:rose_bush":3,"minecraft:player_head":8,"minecraft:observer":1,"minecraft:smooth_quartz":1,"minecraft:tinted_glass":1,"minecraft:lectern":2,"minecraft:chest":1,"minecraft:spruce_trapdoor":4,"minecraft:furnace":3,"minecraft:iron_boots":1,"minecraft:tipped_arrow":3,"minecraft:polished_deepslate_stairs":2,"minecraft:torch":35,"sophisticatedbackpacks:backpack":1,"minecraft:stone_pressure_plate":1,"minecraft:dark_oak_planks":1,"minecraft:yellow_banner":3,"minecraft:tnt":3,"minecraft:stone_sword":3,"minecraft:arrow":16,"minecraft:rotten_flesh":29,"minecraft:peony":1,"minecraft:hay_block":11,"minecraft:stripped_dark_oak_wood":5,"minecraft:black_banner":1,"minecraft:iron_bars":1,"minecraft:white_wool":2,"minecraft:cobblestone":33,"minecraft:clock":1,"minecraft:lilac":1,"minecraft:leather_chestplate":1,"minecraft:mud_bricks":1,"minecraft:cooked_beef":1,"minecraft:tripwire_hook":8,"minecraft:andesite":1,"minecraft:leather":7,"minecraft:mud_brick_stairs":1,"minecraft:packed_mud":1,"minecraft:chainmail_chestplate":1,"minecraft:oak_log":5,"minecraft:waxed_copper_block":1,"minecraft:gunpowder":2,"mca:book_romance":1,"minecraft:dirt":40,"minecraft:white_banner":2,"minecraft:bone":11,"minecraft:wheat_seeds":42,"minecraft:stone_pickaxe":3,"minecraft:dark_oak_sign":5,"naturalist:snail_shell":1,"minecraft:book":190,"minecraft:cooked_porkchop":1,"minecraft:spyglass":1,"minecraft:red_banner":1,"minecraft:mud_brick_wall":4,"minecraft:blast_furnace":5,"minecraft:white_bed":1,"minecraft:lily_of_the_valley":1,"minecraft:cyan_bed":2,"minecraft:spectral_arrow":1,"minecraft:spider_eye":3,"minecraft:barrel":1,"minecraft:leather_helmet":1,"minecraft:pumpkin_seeds":4,"minecraft:diamond":1,"minecraft:stone_axe":2,"minecraft:soul_lantern":11,"waystones:waystone":1,"minecraft:chainmail_leggings":1,"minecraft:painting":1,"minecraft:bread":12,"minecraft:coal":28},"minecraft:crafted":{"minecraft:oak_planks":20,"minecraft:iron_axe":1,"minecraft:stone_pickaxe":1,"minecraft:cooked_porkchop":10,"minecraft:crafting_table":2,"minecraft:wooden_pickaxe":1,"minecraft:iron_helmet":1,"minecraft:iron_sword":1,"minecraft:stone_axe":1,"minecraft:iron_chestplate":1,"minecraft:stick":20,"minecraft:iron_pickaxe":1,"minecraft:wooden_axe":1,"minecraft:stone_sword":2},"minecraft:killed":{"minecraft:spider":3,"minecraft:horse":5,"minecraft:skeleton":7,"minecraft:husk":28,"naturalist:firefly":1,"minecraft:creeper":1,"minecraft:zombie":10,"minecraft:wither_skeleton":3},"minecraft:dropped":{"naturalist:snail_shell":1,"minecraft:wheat_seeds":27,"minecraft:lilac":1,"minecraft:glass_bottle":1,"minecraft:cooked_porkchop":5,"minecraft:leather":10,"minecraft:coal":28,"minecraft:leather_helmet":1,"minecraft:stick":5,"minecraft:packed_mud":1,"minecraft:mud_brick_wall":4,"mca:book_romance":1,"minecraft:wooden_axe":1,"minecraft:cooked_salmon":1,"minecraft:potion":2,"minecraft:chainmail_leggings":1,"minecraft:dark_oak_planks":1,"minecraft:tripwire_hook":8,"minecraft:white_wool":2,"minecraft:cyan_carpet":1,"minecraft:armor_stand":2,"minecraft:bone":10,"minecraft:stone_axe":3,"minecraft:soul_soil":2,"minecraft:player_head":4,"minecraft:stone_sword":3,"minecraft:dark_oak_sign":5,"minecraft:rotten_flesh":28,"minecraft:polished_deepslate_stairs":2,"minecraft:pumpkin_seeds":4,"minecraft:chainmail_chestplate":1,"minecraft:lily_of_the_valley":1,"minecraft:leather_chestplate":1,"minecraft:mud_bricks":1,"minecraft:peony":1,"minecraft:spruce_planks":1,"minecraft:spruce_trapdoor":4,"minecraft:andesite":1,"minecraft:waxed_oxidized_cut_copper":1,"minecraft:stone_pressure_plate":1,"minecraft:spider_eye":3,"minecraft:barrel":1,"minecraft:painting":1,"minecraft:iron_bars":1,"minecraft:stone_pickaxe":4,"minecraft:wooden_pickaxe":1,"minecraft:calcite":1},"minecraft:used":{"minecraft:rose_bush":1,"minecraft:stone_sword":189,"minecraft:flint_and_steel":1,"minecraft:shield":12,"minecraft:iron_sword":4,"minecraft:torch":26,"minecraft:dirt":40,"minecraft:mud_brick_stairs":1,"minecraft:wooden_axe":7,"minecraft:iron_boots":1,"minecraft:smooth_quartz":1,"minecraft:cooked_beef":1,"minecraft:yellow_banner":2,"minecraft:stone_pickaxe":83,"minecraft:waxed_oxidized_cut_copper":5,"minecraft:wooden_pickaxe":29,"minecraft:tnt":1,"minecraft:crafting_table":6,"minecraft:iron_pickaxe":24,"minecraft:bread":31,"minecraft:cyan_bed":1,"minecraft:cyan_carpet":1,"minecraft:stone_axe":108,"minecraft:cobblestone":23,"minecraft:potion":1,"minecraft:cooked_porkchop":6},"minecraft:broken":{"minecraft:stone_sword":1},"minecraft:mined":{"minecraft:spruce_planks":7,"minecraft:deepslate_diamond_ore":1,"minecraft:spruce_trapdoor":1,"minecraft:glow_lichen":1,"minecraft:grass_block":4,"minecraft:soul_campfire":2,"minecraft:mud_bricks":4,"minecraft:mud_brick_wall":4,"minecraft:spawner":3,"minecraft:hay_block":11,"minecraft:waxed_oxidized_cut_copper":13,"minecraft:packed_mud":2,"minecraft:furnace":3,"minecraft:dark_oak_stairs":1,"minecraft:bookshelf":74,"minecraft:iron_bars":1,"minecraft:white_banner":2,"minecraft:stone":33,"minecraft:player_head":4,"minecraft:waxed_cut_copper":1,"minecraft:comparator":2,"minecraft:polished_deepslate_stairs":2,"minecraft:observer":1,"minecraft:yellow_banner":2,"minecraft:soul_lantern":7,"minecraft:crafting_table":5,"minecraft:blast_furnace":5,"minecraft:calcite":1,"minecraft:mud_brick_stairs":1,"minecraft:chest":1,"minecraft:rose_bush":1,"minecraft:lectern":2,"minecraft:tall_grass":27,"minecraft:cyan_bed":2,"minecraft:wall_torch":1,"minecraft:black_stained_glass":6,"minecraft:purple_bed":2,"minecraft:dark_oak_slab":2,"minecraft:stripped_spruce_wood":1,"minecraft:tinted_glass":1,"minecraft:black_wall_banner":1,"minecraft:tnt":2,"minecraft:grass":309,"minecraft:coal_ore":29,"minecraft:oak_log":5,"minecraft:smooth_quartz":1,"minecraft:dirt":2,"minecraft:tripwire_hook":2,"minecraft:oak_leaves":1,"minecraft:daylight_detector":1},"minecraft:custom":{"minecraft:mob_kills":59,"minecraft:inspect_hopper":2,"minecraft:interact_with_crafting_table":21,"minecraft:open_barrel":24,"minecraft:eat_cake_slice":4,"minecraft:leave_game":1,"minecraft:time_since_death":14491,"minecraft:climb_one_cm":12868,"minecraft:sprint_one_cm":571685,"minecraft:walk_one_cm":583879,"minecraft:damage_blocked_by_shield":1170,"minecraft:drop":69,"minecraft:play_time":123238,"minecraft:deaths":23,"minecraft:sneak_time":1413,"minecraft:walk_under_water_one_cm":3149,"minecraft:jump":1193,"minecraft:walk_on_water_one_cm":5025,"minecraft:total_world_time":123238,"minecraft:interact_with_furnace":4,"minecraft:interact_with_loom":1,"minecraft:sleep_in_bed":3,"minecraft:time_since_rest":11917,"minecraft:open_enderchest":1,"minecraft:damage_dealt":17125,"minecraft:swim_one_cm":2884,"minecraft:fly_one_cm":87211,"minecraft:open_chest":50,"minecraft:crouch_one_cm":4743,"minecraft:fall_one_cm":21235,"minecraft:inspect_dispenser":2},"minecraft:killed_by":{"minecraft:husk":13,"minecraft:player":2,"minecraft:ravager":1,"minecraft:skeleton":5,"minecraft:zombie":1,"mowziesmobs:frostmaw":1}},"DataVersion":3465}