{"stats":{"minecraft:crafted":{"minecraft:oak_planks":56,"minecraft:diamond_helmet":1,"minecraft:diamond_leggings":1,"minecraft:iron_axe":1,"minecraft:stone_pickaxe":1,"minecraft:diamond_boots":1,"minecraft:diamond_sword":1,"minecraft:cooked_porkchop":10,"minecraft:crafting_table":2,"minecraft:spruce_planks":16,"minecraft:wooden_pickaxe":1,"minecraft:iron_helmet":1,"minecraft:iron_sword":1,"minecraft:stone_axe":1,"minecraft:iron_chestplate":1,"minecraft:stick":24,"minecraft:iron_pickaxe":1,"minecraft:wooden_axe":1,"minecraft:stone_sword":2,"minecraft:diamond_chestplate":1},"minecraft:killed":{"minecraft:spider":6,"minecraft:horse":5,"minecraft:skeleton":12,"solo_leveling:giga_goblin":1,"minecraft:husk":30,"naturalist:firefly":1,"solo_leveling:goblin_2":3,"minecraft:creeper":4,"minecraft:zombie":20,"solo_leveling:goblin":12,"minecraft:wither_skeleton":3,"minecraft:enderman":1},"minecraft:mined":{"minecraft:dark_oak_planks":2,"minecraft:waxed_cut_copper_slab":14,"minecraft:spruce_planks":12,"minecraft:white_bed":1,"minecraft:deepslate_diamond_ore":1,"minecraft:spruce_trapdoor":1,"minecraft:glow_lichen":1,"minecraft:grass_block":4,"minecraft:soul_campfire":2,"minecraft:mud_brick_wall":4,"minecraft:mud_bricks":4,"minecraft:spawner":7,"minecraft:hay_block":11,"minecraft:packed_mud":2,"minecraft:furnace":3,"minecraft:waxed_oxidized_cut_copper":16,"minecraft:iron_ore":13,"minecraft:fire":1,"minecraft:dark_oak_stairs":2,"minecraft:bookshelf":74,"minecraft:oak_stairs":3,"minecraft:iron_bars":1,"solo_leveling:magic_crystal":36,"minecraft:stone":35,"minecraft:white_banner":2,"minecraft:player_head":4,"minecraft:spruce_slab":1,"minecraft:waxed_cut_copper":2,"minecraft:comparator":2,"minecraft:polished_deepslate_stairs":2,"minecraft:yellow_banner":2,"minecraft:observer":1,"minecraft:soul_lantern":7,"minecraft:oak_fence":1,"minecraft:crafting_table":7,"minecraft:blast_furnace":5,"minecraft:mud_brick_stairs":1,"minecraft:calcite":2,"minecraft:chest":1,"minecraft:rose_bush":1,"minecraft:lectern":2,"minecraft:tall_grass":27,"minecraft:cyan_bed":4,"minecraft:oak_planks":7,"minecraft:wall_torch":1,"minecraft:spruce_stairs":1,"minecraft:black_stained_glass":6,"minecraft:purple_bed":2,"minecraft:dark_oak_slab":2,"minecraft:stripped_spruce_wood":1,"minecraft:tinted_glass":1,"minecraft:black_wall_banner":1,"minecraft:spruce_log":4,"minecraft:tnt":3,"minecraft:white_wall_banner":1,"minecraft:dark_prismarine_slab":1,"minecraft:grass":320,"minecraft:coal_ore":29,"minecraft:oak_log":14,"minecraft:sand":8,"minecraft:smooth_quartz":1,"minecraft:dirt":2,"minecraft:tripwire_hook":2,"minecraft:oak_leaves":1,"minecraft:daylight_detector":1},"minecraft:broken":{"minecraft:stone_sword":1},"minecraft:custom":{"minecraft:mob_kills":100,"minecraft:inspect_hopper":2,"minecraft:interact_with_crafting_table":30,"minecraft:open_barrel":33,"minecraft:eat_cake_slice":4,"minecraft:leave_game":1,"minecraft:time_since_death":53457,"minecraft:climb_one_cm":16138,"minecraft:sprint_one_cm":1011157,"minecraft:walk_one_cm":824535,"minecraft:damage_blocked_by_shield":1602,"minecraft:drop":94,"minecraft:play_time":192732,"minecraft:deaths":26,"minecraft:sneak_time":2463,"minecraft:walk_under_water_one_cm":14692,"minecraft:jump":1820,"minecraft:walk_on_water_one_cm":25246,"minecraft:total_world_time":192732,"minecraft:interact_with_furnace":4,"minecraft:interact_with_loom":1,"minecraft:sleep_in_bed":7,"minecraft:time_since_rest":30196,"minecraft:open_enderchest":1,"minecraft:damage_dealt":24936,"minecraft:swim_one_cm":58780,"minecraft:fly_one_cm":188501,"minecraft:open_chest":63,"minecraft:crouch_one_cm":7021,"minecraft:fall_one_cm":40479,"minecraft:inspect_dispenser":2},"minecraft:killed_by":{"minecraft:husk":13,"minecraft:player":2,"minecraft:ravager":1,"solo_leveling:centipie":1,"minecraft:skeleton":6,"minecraft:zombie":2,"mowziesmobs:frostmaw":1},"minecraft:picked_up":{"minecraft:waxed_oxidized_cut_copper":16,"minecraft:crafting_table":7,"minecraft:potion":7,"minecraft:shield":1,"solo_leveling:magic_crystal":35,"minecraft:waxed_cut_copper_slab":13,"minecraft:soul_soil":2,"minecraft:cooked_salmon":1,"minecraft:iron_leggings":1,"minecraft:armor_stand":2,"minecraft:compass":1,"minecraft:cyan_carpet":2,"minecraft:comparator":2,"minecraft:spruce_planks":10,"minecraft:rose_bush":3,"minecraft:player_head":8,"minecraft:calcite":1,"minecraft:ender_eye":2,"minecraft:observer":1,"minecraft:smooth_quartz":1,"minecraft:lectern":2,"minecraft:tinted_glass":1,"minecraft:chest":1,"minecraft:spruce_trapdoor":4,"minecraft:iron_boots":1,"minecraft:furnace":3,"minecraft:raw_iron":13,"minecraft:tipped_arrow":3,"minecraft:polished_deepslate_stairs":2,"minecraft:torch":35,"sophisticatedbackpacks:backpack":1,"minecraft:stone_pressure_plate":1,"minecraft:dark_oak_planks":3,"minecraft:yellow_banner":3,"minecraft:tnt":6,"minecraft:stone_sword":4,"minecraft:arrow":30,"minecraft:rotten_flesh":36,"minecraft:peony":1,"solo_leveling:magic_crystalll":16,"minecraft:hay_block":11,"mowziesmobs:ice_crystal":1,"minecraft:stripped_dark_oak_wood":5,"minecraft:glistering_melon_slice":3,"minecraft:black_banner":1,"minecraft:iron_bars":1,"minecraft:white_wool":2,"minecraft:cobblestone":33,"minecraft:mud_bricks":1,"minecraft:leather_chestplate":1,"minecraft:cooked_beef":1,"minecraft:clock":1,"minecraft:lilac":1,"minecraft:tripwire_hook":8,"minecraft:andesite":1,"minecraft:leather":7,"minecraft:mud_brick_stairs":1,"minecraft:potato":1,"minecraft:packed_mud":1,"minecraft:chainmail_chestplate":1,"minecraft:oak_log":14,"minecraft:waxed_copper_block":1,"minecraft:gunpowder":5,"mca:book_romance":1,"minecraft:dirt":40,"minecraft:white_banner":2,"minecraft:bone":20,"minecraft:bow":1,"minecraft:wheat_seeds":44,"minecraft:stone_pickaxe":3,"minecraft:dark_oak_sign":5,"naturalist:snail_shell":1,"minecraft:oak_planks":7,"minecraft:dark_oak_stairs":1,"minecraft:book":190,"minecraft:cooked_porkchop":1,"minecraft:sand":8,"minecraft:spyglass":1,"minecraft:cyan_bed":5,"minecraft:mud_brick_wall":4,"minecraft:red_banner":1,"minecraft:blast_furnace":5,"minecraft:spruce_log":4,"minecraft:white_bed":2,"minecraft:grass_block":2,"minecraft:lily_of_the_valley":1,"minecraft:spectral_arrow":1,"minecraft:spider_eye":4,"minecraft:barrel":1,"minecraft:leather_helmet":1,"minecraft:dark_prismarine_slab":3,"minecraft:pumpkin_seeds":4,"minecraft:diamond":1,"minecraft:stone_axe":2,"minecraft:soul_lantern":11,"waystones:waystone":1,"minecraft:chainmail_leggings":1,"minecraft:painting":1,"minecraft:bread":12,"minecraft:oak_sapling":3,"minecraft:coal":28},"minecraft:dropped":{"minecraft:dark_oak_stairs":1,"naturalist:snail_shell":1,"minecraft:wheat_seeds":27,"minecraft:lilac":1,"minecraft:tnt":2,"minecraft:glass_bottle":1,"minecraft:crafting_table":1,"minecraft:cooked_porkchop":5,"minecraft:iron_helmet":1,"minecraft:dark_prismarine_slab":3,"minecraft:leather":10,"minecraft:grass_block":2,"minecraft:coal":28,"minecraft:leather_helmet":1,"minecraft:stick":8,"minecraft:packed_mud":1,"minecraft:mud_brick_wall":4,"mca:book_romance":1,"minecraft:wooden_axe":1,"minecraft:cooked_salmon":1,"minecraft:potion":4,"minecraft:iron_leggings":1,"minecraft:glistering_melon_slice":6,"minecraft:chainmail_leggings":1,"minecraft:dark_oak_planks":1,"minecraft:tripwire_hook":8,"minecraft:white_wool":2,"minecraft:cyan_carpet":1,"minecraft:armor_stand":2,"minecraft:bone":10,"minecraft:stone_axe":3,"minecraft:soul_soil":2,"minecraft:player_head":5,"minecraft:stone_sword":4,"minecraft:dark_oak_sign":5,"minecraft:rotten_flesh":32,"minecraft:iron_boots":1,"minecraft:ender_eye":2,"minecraft:polished_deepslate_stairs":2,"minecraft:pumpkin_seeds":4,"minecraft:chainmail_chestplate":1,"minecraft:lily_of_the_valley":1,"minecraft:leather_chestplate":1,"minecraft:potato":1,"minecraft:mud_bricks":1,"minecraft:peony":1,"minecraft:spruce_trapdoor":4,"minecraft:spruce_planks":1,"minecraft:iron_chestplate":1,"minecraft:andesite":1,"minecraft:waxed_oxidized_cut_copper":1,"minecraft:stone_pressure_plate":1,"minecraft:spider_eye":3,"minecraft:barrel":1,"minecraft:painting":1,"minecraft:iron_bars":1,"minecraft:bow":1,"minecraft:wooden_pickaxe":1,"minecraft:stone_pickaxe":4,"minecraft:calcite":1,"minecraft:cyan_bed":1},"minecraft:used":{"solo_leveling:iron_shield":3,"minecraft:stone_sword":189,"minecraft:rose_bush":1,"minecraft:flint_and_steel":2,"minecraft:shield":17,"minecraft:iron_sword":13,"minecraft:torch":35,"minecraft:dirt":40,"minecraft:mud_brick_stairs":1,"minecraft:dark_oak_planks":2,"minecraft:wooden_axe":7,"minecraft:iron_axe":43,"minecraft:iron_boots":1,"minecraft:smooth_quartz":1,"minecraft:bow":2,"minecraft:waxed_cut_copper_slab":13,"minecraft:golden_carrot":32,"minecraft:cooked_beef":1,"minecraft:yellow_banner":2,"minecraft:oak_planks":20,"minecraft:stone_pickaxe":83,"minecraft:wooden_pickaxe":29,"minecraft:waxed_oxidized_cut_copper":15,"minecraft:golden_apple":3,"minecraft:glow_berries":2,"minecraft:tnt":2,"minecraft:crafting_table":8,"minecraft:white_bed":1,"minecraft:iron_pickaxe":104,"minecraft:cyan_carpet":1,"minecraft:bread":33,"minecraft:cyan_bed":2,"minecraft:stone_axe":108,"minecraft:diamond_sword":120,"minecraft:cobblestone":23,"minecraft:potion":1,"minecraft:cooked_porkchop":6}},"DataVersion":3465}