{"stats":{"minecraft:picked_up":{"minecraft:cooked_beef":1,"minecraft:crafting_table":1,"minecraft:wheat_seeds":32,"minecraft:oak_log":5,"minecraft:cobblestone":19},"minecraft:crafted":{"minecraft:oak_planks":20,"minecraft:crafting_table":1,"minecraft:stick":12,"minecraft:wooden_pickaxe":1,"minecraft:wooden_axe":1},"minecraft:used":{"minecraft:wooden_axe":3,"minecraft:crafting_table":1,"minecraft:wooden_pickaxe":21,"minecraft:cooked_beef":1},"minecraft:mined":{"minecraft:grass":257,"minecraft:oak_log":5,"minecraft:tall_grass":14,"minecraft:stone":20,"minecraft:oak_leaves":1,"minecraft:crafting_table":1},"minecraft:custom":{"minecraft:time_since_rest":7567,"minecraft:play_time":15801,"minecraft:sprint_one_cm":122123,"minecraft:walk_one_cm":50535,"minecraft:deaths":1,"minecraft:sneak_time":8,"minecraft:jump":121,"minecraft:damage_dealt":7,"minecraft:time_since_death":7543,"minecraft:total_world_time":15801,"minecraft:interact_with_crafting_table":3,"minecraft:fall_one_cm":478,"minecraft:fly_one_cm":17453},"minecraft:killed_by":{"mowziesmobs:frostmaw":1}},"DataVersion":3465}