{"stats":{"minecraft:crafted":{"minecraft:oak_planks":20,"minecraft:cooked_porkchop":10,"minecraft:crafting_table":1,"minecraft:wooden_pickaxe":1,"minecraft:stone_axe":1,"minecraft:stick":12,"minecraft:stone_pickaxe":1,"minecraft:wooden_axe":1},"minecraft:killed":{"minecraft:spider":1,"minecraft:skeleton":1,"minecraft:zombie":2},"minecraft:mined":{"minecraft:spruce_planks":1,"minecraft:polished_deepslate_stairs":2,"minecraft:soul_lantern":3,"minecraft:crafting_table":2,"minecraft:glow_lichen":1,"minecraft:blast_furnace":3,"minecraft:grass_block":2,"minecraft:rose_bush":1,"minecraft:tall_grass":14,"minecraft:soul_campfire":2,"minecraft:purple_bed":2,"minecraft:black_stained_glass":6,"minecraft:furnace":2,"minecraft:grass":259,"minecraft:bookshelf":13,"minecraft:coal_ore":29,"minecraft:oak_log":5,"minecraft:iron_bars":1,"minecraft:stone":33,"minecraft:player_head":4,"minecraft:oak_leaves":1},"minecraft:custom":{"minecraft:interact_with_furnace":2,"minecraft:mob_kills":4,"minecraft:interact_with_crafting_table":6,"minecraft:leave_game":1,"minecraft:time_since_death":2288,"minecraft:sleep_in_bed":1,"minecraft:climb_one_cm":886,"minecraft:time_since_rest":2322,"minecraft:sprint_one_cm":205094,"minecraft:walk_one_cm":120075,"minecraft:drop":7,"minecraft:damage_dealt":1020,"minecraft:fly_one_cm":33422,"minecraft:open_chest":1,"minecraft:play_time":33699,"minecraft:deaths":2,"minecraft:sneak_time":28,"minecraft:walk_under_water_one_cm":426,"minecraft:jump":365,"minecraft:walk_on_water_one_cm":4186,"minecraft:total_world_time":33699,"minecraft:fall_one_cm":3657},"minecraft:killed_by":{"minecraft:husk":1,"mowziesmobs:frostmaw":1},"minecraft:picked_up":{"minecraft:crafting_table":2,"minecraft:leather_chestplate":1,"minecraft:cooked_beef":1,"minecraft:tripwire_hook":6,"minecraft:potion":2,"minecraft:oak_log":5,"minecraft:dirt":2,"minecraft:soul_soil":2,"minecraft:bone":1,"minecraft:cyan_carpet":2,"minecraft:wheat_seeds":32,"minecraft:spruce_planks":1,"minecraft:stone_pickaxe":2,"minecraft:rose_bush":1,"minecraft:player_head":4,"naturalist:snail_shell":1,"minecraft:iron_boots":1,"minecraft:furnace":2,"minecraft:book":39,"minecraft:cooked_porkchop":1,"minecraft:polished_deepslate_stairs":2,"minecraft:torch":32,"minecraft:red_banner":1,"minecraft:blast_furnace":3,"minecraft:barrel":1,"minecraft:stone_pressure_plate":1,"minecraft:yellow_banner":1,"minecraft:stone_sword":1,"minecraft:arrow":2,"minecraft:rotten_flesh":1,"minecraft:soul_lantern":5,"minecraft:coal":28,"minecraft:iron_bars":1,"minecraft:cobblestone":33},"minecraft:dropped":{"minecraft:glass_bottle":1,"minecraft:cooked_porkchop":5,"minecraft:coal":28,"minecraft:wooden_axe":1,"minecraft:wooden_pickaxe":1,"minecraft:stone_pickaxe":2},"minecraft:used":{"minecraft:rose_bush":1,"minecraft:stone_sword":6,"minecraft:stone_pickaxe":52,"minecraft:wooden_pickaxe":29,"minecraft:dirt":1,"minecraft:crafting_table":3,"minecraft:wooden_axe":7,"minecraft:cyan_carpet":1,"minecraft:iron_boots":1,"minecraft:stone_axe":18,"minecraft:potion":1,"minecraft:cooked_porkchop":2,"minecraft:cooked_beef":1}},"DataVersion":3465}