{"stats":{"minecraft:picked_up":{"minecraft:waxed_oxidized_cut_copper":1,"minecraft:crafting_table":4,"minecraft:potion":5,"minecraft:shield":1,"minecraft:soul_soil":2,"minecraft:cooked_salmon":1,"minecraft:iron_leggings":1,"minecraft:armor_stand":2,"minecraft:cyan_carpet":2,"minecraft:spruce_planks":1,"minecraft:calcite":1,"minecraft:rose_bush":3,"minecraft:player_head":5,"minecraft:lectern":1,"minecraft:chest":1,"minecraft:spruce_trapdoor":4,"minecraft:furnace":3,"minecraft:iron_boots":1,"minecraft:polished_deepslate_stairs":2,"minecraft:torch":35,"sophisticatedbackpacks:backpack":1,"minecraft:stone_pressure_plate":1,"minecraft:dark_oak_planks":1,"minecraft:yellow_banner":3,"minecraft:tnt":2,"minecraft:stone_sword":2,"minecraft:arrow":13,"minecraft:rotten_flesh":27,"minecraft:peony":1,"minecraft:hay_block":11,"minecraft:black_banner":1,"minecraft:iron_bars":1,"minecraft:white_wool":2,"minecraft:cobblestone":33,"minecraft:lilac":1,"minecraft:leather_chestplate":1,"minecraft:mud_bricks":1,"minecraft:cooked_beef":1,"minecraft:tripwire_hook":8,"minecraft:andesite":1,"minecraft:leather":7,"minecraft:packed_mud":1,"minecraft:chainmail_chestplate":1,"minecraft:oak_log":5,"minecraft:waxed_copper_block":1,"mca:book_romance":1,"minecraft:dirt":40,"minecraft:white_banner":2,"minecraft:bone":7,"minecraft:wheat_seeds":42,"minecraft:stone_pickaxe":3,"minecraft:dark_oak_sign":5,"naturalist:snail_shell":1,"minecraft:book":63,"minecraft:cooked_porkchop":1,"minecraft:red_banner":1,"minecraft:mud_brick_wall":2,"minecraft:blast_furnace":5,"minecraft:lily_of_the_valley":1,"minecraft:cyan_bed":2,"minecraft:spider_eye":3,"minecraft:barrel":1,"minecraft:leather_helmet":1,"minecraft:pumpkin_seeds":4,"minecraft:stone_axe":2,"minecraft:soul_lantern":10,"waystones:waystone":1,"minecraft:chainmail_leggings":1,"minecraft:painting":1,"minecraft:bread":12,"minecraft:coal":28},"minecraft:crafted":{"minecraft:oak_planks":20,"minecraft:stone_pickaxe":1,"minecraft:cooked_porkchop":10,"minecraft:crafting_table":2,"minecraft:wooden_pickaxe":1,"minecraft:iron_helmet":1,"minecraft:stone_axe":1,"minecraft:iron_chestplate":1,"minecraft:stick":12,"minecraft:wooden_axe":1,"minecraft:stone_sword":2},"minecraft:killed":{"minecraft:spider":2,"minecraft:horse":5,"minecraft:skeleton":5,"minecraft:husk":28,"naturalist:firefly":1,"minecraft:zombie":6,"minecraft:wither_skeleton":2},"minecraft:dropped":{"naturalist:snail_shell":1,"minecraft:wheat_seeds":22,"minecraft:lilac":1,"minecraft:glass_bottle":1,"minecraft:cooked_porkchop":5,"minecraft:leather":10,"minecraft:coal":28,"minecraft:leather_helmet":1,"minecraft:stick":2,"minecraft:packed_mud":1,"minecraft:mud_brick_wall":2,"mca:book_romance":1,"minecraft:wooden_axe":1,"minecraft:cooked_salmon":1,"minecraft:potion":2,"minecraft:chainmail_leggings":1,"minecraft:dark_oak_planks":1,"minecraft:tripwire_hook":8,"minecraft:white_wool":2,"minecraft:cyan_carpet":1,"minecraft:armor_stand":2,"minecraft:bone":1,"minecraft:stone_axe":2,"minecraft:soul_soil":2,"minecraft:player_head":2,"minecraft:stone_sword":1,"minecraft:dark_oak_sign":5,"minecraft:rotten_flesh":26,"minecraft:polished_deepslate_stairs":2,"minecraft:pumpkin_seeds":4,"minecraft:chainmail_chestplate":1,"minecraft:leather_chestplate":1,"minecraft:mud_bricks":1,"minecraft:peony":1,"minecraft:spruce_planks":1,"minecraft:spruce_trapdoor":1,"minecraft:andesite":1,"minecraft:waxed_oxidized_cut_copper":1,"minecraft:stone_pressure_plate":1,"minecraft:spider_eye":3,"minecraft:barrel":1,"minecraft:painting":1,"minecraft:iron_bars":1,"minecraft:stone_pickaxe":3,"minecraft:wooden_pickaxe":1,"minecraft:calcite":1},"minecraft:used":{"minecraft:rose_bush":1,"minecraft:stone_sword":159,"minecraft:shield":10,"minecraft:torch":18,"minecraft:dirt":40,"minecraft:wooden_axe":7,"minecraft:iron_boots":1,"minecraft:cooked_beef":1,"minecraft:yellow_banner":2,"minecraft:stone_pickaxe":76,"minecraft:wooden_pickaxe":29,"minecraft:crafting_table":5,"minecraft:bread":24,"minecraft:cyan_bed":1,"minecraft:cyan_carpet":1,"minecraft:stone_axe":40,"minecraft:potion":1,"minecraft:cooked_porkchop":6},"minecraft:broken":{"minecraft:stone_sword":1},"minecraft:mined":{"minecraft:spruce_planks":1,"minecraft:glow_lichen":1,"minecraft:grass_block":4,"minecraft:soul_campfire":2,"minecraft:mud_bricks":1,"minecraft:mud_brick_wall":2,"minecraft:spawner":1,"minecraft:hay_block":11,"minecraft:packed_mud":1,"minecraft:furnace":3,"minecraft:bookshelf":21,"minecraft:iron_bars":1,"minecraft:white_banner":2,"minecraft:stone":33,"minecraft:player_head":4,"minecraft:polished_deepslate_stairs":2,"minecraft:yellow_banner":2,"minecraft:soul_lantern":7,"minecraft:crafting_table":4,"minecraft:blast_furnace":5,"minecraft:calcite":1,"minecraft:chest":1,"minecraft:rose_bush":1,"minecraft:lectern":1,"minecraft:tall_grass":27,"minecraft:cyan_bed":2,"minecraft:wall_torch":1,"minecraft:black_stained_glass":6,"minecraft:purple_bed":2,"minecraft:dark_oak_slab":2,"minecraft:black_wall_banner":1,"minecraft:tnt":2,"minecraft:grass":309,"minecraft:coal_ore":29,"minecraft:oak_log":5,"minecraft:dirt":2,"minecraft:tripwire_hook":2,"minecraft:oak_leaves":1},"minecraft:custom":{"minecraft:mob_kills":49,"minecraft:interact_with_crafting_table":14,"minecraft:open_barrel":12,"minecraft:eat_cake_slice":3,"minecraft:leave_game":1,"minecraft:time_since_death":6420,"minecraft:climb_one_cm":8002,"minecraft:sprint_one_cm":445951,"minecraft:walk_one_cm":423696,"minecraft:damage_blocked_by_shield":1020,"minecraft:drop":56,"minecraft:play_time":93238,"minecraft:deaths":18,"minecraft:sneak_time":372,"minecraft:walk_under_water_one_cm":3149,"minecraft:jump":960,"minecraft:walk_on_water_one_cm":4706,"minecraft:total_world_time":93238,"minecraft:interact_with_furnace":4,"minecraft:interact_with_loom":1,"minecraft:sleep_in_bed":2,"minecraft:time_since_rest":6444,"minecraft:open_enderchest":1,"minecraft:damage_dealt":13346,"minecraft:swim_one_cm":2884,"minecraft:fly_one_cm":76717,"minecraft:open_chest":33,"minecraft:crouch_one_cm":167,"minecraft:fall_one_cm":12016},"minecraft:killed_by":{"minecraft:husk":13,"minecraft:skeleton":4,"mowziesmobs:frostmaw":1}},"DataVersion":3465}