{"stats":{"minecraft:picked_up":{"minecraft:crafting_table":2,"minecraft:leather_chestplate":1,"minecraft:cooked_beef":1,"minecraft:tripwire_hook":8,"minecraft:potion":5,"minecraft:waxed_copper_block":1,"minecraft:oak_log":5,"minecraft:chainmail_chestplate":1,"minecraft:shield":1,"minecraft:dirt":17,"minecraft:white_banner":1,"minecraft:soul_soil":2,"minecraft:cooked_salmon":1,"minecraft:iron_leggings":1,"minecraft:armor_stand":2,"minecraft:bone":1,"minecraft:cyan_carpet":2,"minecraft:wheat_seeds":32,"minecraft:spruce_planks":1,"minecraft:dark_oak_sign":5,"minecraft:stone_pickaxe":2,"minecraft:rose_bush":1,"minecraft:player_head":5,"minecraft:calcite":1,"minecraft:lectern":1,"naturalist:snail_shell":1,"minecraft:chest":1,"minecraft:spruce_trapdoor":1,"minecraft:iron_boots":1,"minecraft:furnace":2,"minecraft:book":63,"minecraft:cooked_porkchop":1,"minecraft:polished_deepslate_stairs":2,"minecraft:torch":35,"minecraft:red_banner":1,"minecraft:blast_furnace":5,"minecraft:cyan_bed":2,"minecraft:stone_pressure_plate":1,"minecraft:barrel":1,"minecraft:leather_helmet":1,"minecraft:yellow_banner":3,"minecraft:stone_sword":1,"minecraft:arrow":2,"minecraft:rotten_flesh":18,"minecraft:stone_axe":1,"minecraft:soul_lantern":9,"minecraft:chainmail_leggings":1,"minecraft:hay_block":11,"minecraft:painting":1,"minecraft:black_banner":1,"minecraft:bread":12,"minecraft:iron_bars":1,"minecraft:coal":28,"minecraft:cobblestone":33},"minecraft:crafted":{"minecraft:oak_planks":20,"minecraft:cooked_porkchop":10,"minecraft:crafting_table":2,"minecraft:wooden_pickaxe":1,"minecraft:stone_axe":1,"minecraft:stick":12,"minecraft:stone_pickaxe":1,"minecraft:wooden_axe":1,"minecraft:stone_sword":2},"minecraft:killed":{"minecraft:husk":28,"naturalist:firefly":1,"minecraft:spider":1,"minecraft:skeleton":1,"minecraft:zombie":3},"minecraft:dropped":{"minecraft:stone_axe":1,"naturalist:snail_shell":1,"minecraft:wheat_seeds":22,"minecraft:player_head":2,"minecraft:dark_oak_sign":5,"minecraft:glass_bottle":1,"minecraft:cooked_porkchop":5,"minecraft:rotten_flesh":11,"minecraft:polished_deepslate_stairs":2,"minecraft:coal":28,"minecraft:chainmail_chestplate":1,"minecraft:spruce_trapdoor":1,"minecraft:spruce_planks":1,"minecraft:wooden_axe":1,"minecraft:potion":1,"minecraft:stone_pressure_plate":1,"minecraft:barrel":1,"minecraft:iron_bars":1,"minecraft:wooden_pickaxe":1,"minecraft:stone_pickaxe":2,"minecraft:chainmail_leggings":1,"minecraft:tripwire_hook":8,"minecraft:cyan_carpet":1,"minecraft:armor_stand":2},"minecraft:used":{"minecraft:yellow_banner":2,"minecraft:rose_bush":1,"minecraft:stone_sword":127,"minecraft:stone_pickaxe":67,"minecraft:wooden_pickaxe":29,"minecraft:shield":5,"minecraft:torch":6,"minecraft:dirt":8,"minecraft:crafting_table":4,"minecraft:wooden_axe":7,"minecraft:bread":6,"minecraft:cyan_carpet":1,"minecraft:iron_boots":1,"minecraft:stone_axe":34,"minecraft:potion":1,"minecraft:cooked_porkchop":6,"minecraft:cooked_beef":1},"minecraft:broken":{"minecraft:stone_sword":1},"minecraft:mined":{"minecraft:spruce_planks":1,"minecraft:polished_deepslate_stairs":2,"minecraft:yellow_banner":2,"minecraft:soul_lantern":6,"minecraft:crafting_table":2,"minecraft:glow_lichen":1,"minecraft:blast_furnace":5,"minecraft:grass_block":2,"minecraft:calcite":1,"minecraft:chest":1,"minecraft:rose_bush":1,"minecraft:lectern":1,"minecraft:soul_campfire":2,"minecraft:tall_grass":14,"minecraft:cyan_bed":2,"minecraft:wall_torch":1,"minecraft:spawner":1,"minecraft:hay_block":11,"minecraft:black_stained_glass":6,"minecraft:purple_bed":2,"minecraft:dark_oak_slab":2,"minecraft:furnace":2,"minecraft:black_wall_banner":1,"minecraft:grass":259,"minecraft:bookshelf":21,"minecraft:oak_log":5,"minecraft:coal_ore":29,"minecraft:iron_bars":1,"minecraft:tripwire_hook":2,"minecraft:stone":33,"minecraft:white_banner":1,"minecraft:player_head":4,"minecraft:oak_leaves":1},"minecraft:custom":{"minecraft:interact_with_furnace":3,"minecraft:mob_kills":34,"minecraft:interact_with_crafting_table":8,"minecraft:open_barrel":7,"minecraft:eat_cake_slice":3,"minecraft:leave_game":1,"minecraft:time_since_death":4861,"minecraft:sleep_in_bed":2,"minecraft:climb_one_cm":6082,"minecraft:time_since_rest":4886,"minecraft:sprint_one_cm":292487,"minecraft:walk_one_cm":253188,"minecraft:damage_blocked_by_shield":750,"minecraft:drop":28,"minecraft:damage_dealt":10030,"minecraft:fly_one_cm":48278,"minecraft:open_chest":4,"minecraft:play_time":57238,"minecraft:crouch_one_cm":56,"minecraft:deaths":15,"minecraft:sneak_time":173,"minecraft:walk_under_water_one_cm":426,"minecraft:jump":580,"minecraft:walk_on_water_one_cm":4219,"minecraft:total_world_time":57238,"minecraft:fall_one_cm":6979},"minecraft:killed_by":{"minecraft:husk":13,"minecraft:skeleton":1,"mowziesmobs:frostmaw":1}},"DataVersion":3465}