{"stats":{"minecraft:picked_up":{"minecraft:crafting_table":2,"minecraft:cooked_beef":1,"minecraft:polished_deepslate_stairs":2,"minecraft:torch":32,"minecraft:oak_log":5,"minecraft:blast_furnace":2,"minecraft:dirt":2,"minecraft:soul_soil":2,"minecraft:stone_sword":1,"minecraft:bone":1,"minecraft:cyan_carpet":1,"minecraft:rotten_flesh":1,"minecraft:soul_lantern":2,"minecraft:wheat_seeds":32,"minecraft:spruce_planks":1,"minecraft:stone_pickaxe":1,"minecraft:player_head":1,"minecraft:iron_bars":1,"minecraft:coal":28,"minecraft:cobblestone":33,"minecraft:iron_boots":1,"minecraft:furnace":1},"minecraft:crafted":{"minecraft:oak_planks":20,"minecraft:cooked_porkchop":10,"minecraft:crafting_table":1,"minecraft:stick":12,"minecraft:wooden_pickaxe":1,"minecraft:stone_pickaxe":1,"minecraft:wooden_axe":1,"minecraft:stone_axe":1},"minecraft:killed":{"minecraft:zombie":2,"minecraft:spider":1},"minecraft:dropped":{"minecraft:wooden_axe":1,"minecraft:cooked_porkchop":5,"minecraft:stone_pickaxe":1,"minecraft:wooden_pickaxe":1,"minecraft:coal":28},"minecraft:used":{"minecraft:wooden_axe":7,"minecraft:stone_sword":4,"minecraft:stone_pickaxe":44,"minecraft:wooden_pickaxe":29,"minecraft:iron_boots":1,"minecraft:stone_axe":3,"minecraft:crafting_table":3,"minecraft:cooked_porkchop":1,"minecraft:cooked_beef":1},"minecraft:mined":{"minecraft:spruce_planks":1,"minecraft:furnace":2,"minecraft:polished_deepslate_stairs":2,"minecraft:soul_lantern":1,"minecraft:crafting_table":2,"minecraft:glow_lichen":1,"minecraft:grass":259,"minecraft:blast_furnace":2,"minecraft:grass_block":2,"minecraft:oak_log":5,"minecraft:coal_ore":29,"minecraft:iron_bars":1,"minecraft:soul_campfire":2,"minecraft:tall_grass":14,"minecraft:stone":33,"minecraft:player_head":1,"minecraft:oak_leaves":1},"minecraft:custom":{"minecraft:time_since_rest":6008,"minecraft:interact_with_furnace":2,"minecraft:sprint_one_cm":167657,"minecraft:walk_one_cm":88165,"minecraft:mob_kills":3,"minecraft:drop":5,"minecraft:damage_dealt":668,"minecraft:interact_with_crafting_table":6,"minecraft:fly_one_cm":29623,"minecraft:open_chest":1,"minecraft:play_time":27855,"minecraft:deaths":1,"minecraft:sneak_time":28,"minecraft:walk_under_water_one_cm":220,"minecraft:jump":299,"minecraft:leave_game":1,"minecraft:time_since_death":19597,"minecraft:walk_on_water_one_cm":1608,"minecraft:sleep_in_bed":1,"minecraft:total_world_time":27855,"minecraft:fall_one_cm":2332},"minecraft:killed_by":{"mowziesmobs:frostmaw":1}},"DataVersion":3465}