{"stats":{"minecraft:killed_by":{"mine_curse:curse_41":2},"minecraft:picked_up":{"mine_curse:wormeat":1,"mine_curse:body_snatcher_icon":1},"minecraft:custom":{"minecraft:jump":50,"minecraft:sprint_one_cm":497,"minecraft:time_since_rest":6141,"minecraft:crouch_one_cm":199,"minecraft:damage_dealt":50,"minecraft:play_one_minute":19156,"minecraft:leave_game":2,"minecraft:walk_one_cm":15754,"minecraft:damage_taken":1575,"minecraft:time_since_death":0,"minecraft:deaths":5,"minecraft:sneak_time":43,"minecraft:walk_under_water_one_cm":67,"minecraft:mob_kills":1,"minecraft:fall_one_cm":922,"minecraft:fly_one_cm":2791},"minecraft:mined":{"minecraft:grass":1}},"DataVersion":2586}