{"stats":{"minecraft:killed_by":{"mine_curse:curse_41":1},"minecraft:picked_up":{"mine_curse:wormeat":1},"minecraft:custom":{"minecraft:jump":48,"minecraft:sprint_one_cm":497,"minecraft:time_since_rest":556,"minecraft:crouch_one_cm":199,"minecraft:damage_dealt":50,"minecraft:play_one_minute":8246,"minecraft:leave_game":1,"minecraft:walk_one_cm":14898,"minecraft:damage_taken":1335,"minecraft:time_since_death":433,"minecraft:deaths":4,"minecraft:sneak_time":43,"minecraft:walk_under_water_one_cm":67,"minecraft:mob_kills":1,"minecraft:fall_one_cm":922,"minecraft:fly_one_cm":2511},"minecraft:mined":{"minecraft:grass":1}},"DataVersion":2586}