{"stats":{"minecraft:killed_by":{"mine_curse:curse_41":2},"minecraft:picked_up":{"mine_curse:wormeat":1,"mine_curse:body_snatcher_icon":1},"minecraft:custom":{"minecraft:jump":50,"minecraft:damage_dealt":50,"minecraft:time_since_rest":8515,"minecraft:damage_taken":1575,"minecraft:leave_game":4,"minecraft:play_one_minute":21530,"minecraft:crouch_one_cm":199,"minecraft:time_since_death":1748,"minecraft:walk_one_cm":16021,"minecraft:sprint_one_cm":497,"minecraft:deaths":5,"minecraft:sneak_time":43,"minecraft:walk_under_water_one_cm":67,"minecraft:mob_kills":1,"minecraft:fall_one_cm":922,"minecraft:fly_one_cm":2791},"minecraft:mined":{"minecraft:grass":1}},"DataVersion":2586}