{"stats":{"minecraft:picked_up":{"minecraft:feather":7,"minecraft:azure_bluet":1,"minecraft:cooked_beef":5,"minecraft:chicken":6,"minecraft:leather":2,"minecraft:oak_log":14,"minecraft:gunpowder":6,"minecraft:cornflower":1,"minecraft:dirt":4,"minecraft:bone":4,"minecraft:wheat_seeds":1,"minecraft:beef":10,"minecraft:dark_oak_sign":1,"minecraft:egg":1,"minecraft:torch":1,"minecraft:dandelion":1,"sophisticatedbackpacks:backpack":1,"minecraft:porkchop":5,"minecraft:white_bed":2,"minecraft:arrow":1,"minecraft:rotten_flesh":12,"minecraft:slime_ball":1,"solo_leveling:magic_crystalll":70,"solo_leveling:knight_killer":1,"minecraft:mutton":8,"minecraft:coal":2,"minecraft:white_wool":5,"minecraft:cobblestone":13,"minecraft:oxeye_daisy":1},"minecraft:crafted":{"minecraft:oak_planks":56,"minecraft:oak_slab":18,"minecraft:crafting_table":2,"minecraft:wooden_pickaxe":1,"minecraft:stick":4,"minecraft:stone_sword":2},"minecraft:killed":{"solo_leveling:giga_goblin":1,"minecraft:pig":2,"naturalist:snake":1,"naturalist:butterfly":1,"minecraft:spider":3,"solo_leveling:goblin_2":30,"minecraft:creeper":6,"naturalist:snail":1,"minecraft:sheep":5,"minecraft:skeleton":4,"minecraft:zombie":15,"minecraft:chicken":4,"solo_leveling:goblin":35,"mca:female_villager":1,"naturalist:sparrow":2,"minecraft:cow":4},"minecraft:used":{"minecraft:stone_sword":147,"minecraft:wooden_pickaxe":17,"minecraft:rotten_flesh":1,"minecraft:dirt":2,"minecraft:mutton":2,"minecraft:crafting_table":2,"minecraft:white_bed":2,"minecraft:apple":8,"minecraft:chicken":4,"minecraft:bread":5,"solo_leveling:knight_killer":113,"minecraft:beef":10,"minecraft:porkchop":5,"minecraft:cooked_beef":3,"minecraft:potato":9},"minecraft:dropped":{"solo_leveling:knight_killer":1,"minecraft:oxeye_daisy":1},"minecraft:broken":{"minecraft:stone_sword":1},"minecraft:mined":{"minecraft:white_bed":2,"minecraft:glass_pane":1,"minecraft:dandelion":1,"minecraft:cornflower":1,"minecraft:grass_block":4,"minecraft:tall_grass":4,"minecraft:oxeye_daisy":1,"minecraft:wall_torch":1,"minecraft:azure_bluet":1,"minecraft:grass":14,"minecraft:coal_ore":2,"minecraft:oak_log":14,"minecraft:dirt":1,"minecraft:stone":13,"minecraft:oak_leaves":4},"minecraft:custom":{"minecraft:mob_kills":116,"minecraft:interact_with_crafting_table":6,"minecraft:leave_game":3,"minecraft:time_since_death":16541,"minecraft:sleep_in_bed":2,"minecraft:time_since_rest":8859,"minecraft:sprint_one_cm":253175,"minecraft:walk_one_cm":256879,"minecraft:drop":2,"minecraft:damage_dealt":14137,"minecraft:fly_one_cm":329444,"minecraft:open_chest":3,"minecraft:crouch_one_cm":160,"minecraft:play_time":68194,"minecraft:deaths":11,"minecraft:sneak_time":159,"minecraft:walk_under_water_one_cm":1087,"minecraft:jump":1091,"minecraft:walk_on_water_one_cm":526,"minecraft:total_world_time":68194,"minecraft:fall_one_cm":19067},"minecraft:killed_by":{"solo_leveling:goblin":1,"solo_leveling:goblin_2":1,"minecraft:zombie":3,"solo_leveling:giga_goblin":4}},"DataVersion":3465}