{"stats":{"minecraft:picked_up":{"minecraft:crafting_table":1,"minecraft:azure_bluet":1,"minecraft:chicken":6,"minecraft:cornflower":2,"minecraft:string":3,"minecraft:sticky_piston":2,"minecraft:spruce_planks":2,"minecraft:beef":10,"minecraft:calcite":1,"minecraft:player_head":4,"minecraft:ender_eye":1,"minecraft:tinted_glass":2,"minecraft:melon_slice":16,"minecraft:egg":1,"minecraft:tipped_arrow":1,"minecraft:torch":5,"sophisticatedbackpacks:backpack":1,"minecraft:note_block":8,"minecraft:porkchop":5,"minecraft:lightning_rod":1,"minecraft:carrot":1,"minecraft:yellow_banner":1,"minecraft:arrow":37,"minecraft:rotten_flesh":40,"solo_leveling:magic_crystalll":173,"mowziesmobs:ice_crystal":2,"minecraft:saddle":1,"minecraft:mutton":9,"minecraft:snowball":28,"minecraft:white_wool":7,"minecraft:cobblestone":32,"minecraft:oxeye_daisy":1,"minecraft:cooked_beef":5,"minecraft:mud_bricks":2,"minecraft:feather":8,"minecraft:lilac":2,"minecraft:leather":8,"minecraft:packed_mud":1,"minecraft:oak_log":14,"minecraft:gunpowder":12,"minecraft:dirt":5,"minecraft:cooked_mutton":4,"minecraft:bone":58,"minecraft:bow":2,"minecraft:wheat_seeds":1,"minecraft:dark_oak_sign":1,"minecraft:black_terracotta":1,"minecraft:dandelion":1,"minecraft:sand":8,"minecraft:white_bed":3,"minecraft:spruce_log":3,"minecraft:spider_eye":2,"minecraft:slime_ball":1,"minecraft:diamond_axe":1,"minecraft:golden_apple":1,"minecraft:emerald":1,"solo_leveling:knight_killer":2,"minecraft:coal":7},"minecraft:crafted":{"minecraft:oak_planks":56,"minecraft:cooked_chicken":2,"minecraft:furnace":1,"minecraft:cooked_mutton":2,"minecraft:diamond_helmet":1,"minecraft:diamond_leggings":1,"minecraft:diamond_boots":1,"minecraft:oak_slab":18,"minecraft:crafting_table":4,"minecraft:spruce_planks":12,"minecraft:wooden_pickaxe":1,"minecraft:air":0,"minecraft:stick":4,"minecraft:stone_sword":2,"minecraft:white_bed":1,"minecraft:diamond_chestplate":1},"minecraft:killed":{"minecraft:spider":8,"minecraft:vindicator":3,"naturalist:robin":1,"mowziesmobs:frostmaw":2,"naturalist:snail":2,"minecraft:skeleton":51,"minecraft:chicken":4,"solo_leveling:spider_boss":1,"solo_leveling:boss_golem":1,"solo_leveling:giga_goblin":3,"minecraft:husk":7,"minecraft:pig":2,"naturalist:bluejay":1,"naturalist:snake":1,"naturalist:butterfly":1,"solo_leveling:goblin_2":79,"minecraft:ravager":5,"minecraft:creeper":22,"minecraft:sheep":6,"minecraft:pillager":8,"minecraft:zombie":37,"minecraft:stray":3,"solo_leveling:goblin":86,"mca:female_villager":1,"minecraft:wither_skeleton":10,"naturalist:sparrow":2,"minecraft:enderman":1,"minecraft:cow":4},"minecraft:dropped":{"minecraft:wheat_seeds":1,"minecraft:lilac":1,"minecraft:glass_bottle":1,"mowziesmobs:ice_crystal":1,"minecraft:iron_helmet":1,"minecraft:lantern":5,"minecraft:oxeye_daisy":1,"minecraft:redstone_lamp":1,"minecraft:cornflower":2,"minecraft:dandelion":1,"solo_leveling:knight_killer":2,"minecraft:note_block":5,"minecraft:stone_sword":1,"minecraft:sticky_piston":2,"minecraft:rotten_flesh":68,"minecraft:gunpowder":4,"minecraft:iron_chestplate":1,"minecraft:oak_sapling":2,"minecraft:bow":3},"minecraft:used":{"minecraft:stone_sword":147,"minecraft:spruce_planks":2,"minecraft:tinted_glass":2,"minecraft:rotten_flesh":21,"minecraft:player_head":4,"minecraft:cooked_chicken":2,"minecraft:dirt":2,"minecraft:mutton":2,"minecraft:snowball":12,"minecraft:packed_mud":1,"minecraft:barrel":1,"minecraft:golden_carrot":10,"minecraft:bow":32,"minecraft:beef":15,"minecraft:furnace":1,"minecraft:potato":11,"minecraft:cooked_beef":5,"solo_leveling:silver_spear":59,"minecraft:cooked_mutton":6,"minecraft:baked_potato":3,"minecraft:oak_planks":23,"minecraft:wooden_pickaxe":57,"minecraft:white_wool":4,"minecraft:golden_apple":5,"minecraft:sand":4,"minecraft:oak_slab":13,"minecraft:crafting_table":4,"minecraft:white_bed":4,"minecraft:note_block":3,"solo_leveling:reaper":92,"minecraft:apple":8,"minecraft:chicken":4,"minecraft:bread":5,"solo_leveling:knight_killer":550,"minecraft:cobblestone":16,"minecraft:porkchop":5},"minecraft:broken":{"minecraft:stone_sword":1},"minecraft:mined":{"minecraft:white_bed":4,"minecraft:grass_block":4,"minecraft:spruce_leaves":1,"minecraft:mud_brick_wall":4,"minecraft:oxeye_daisy":1,"minecraft:spawner":7,"minecraft:sticky_piston":1,"minecraft:azure_bluet":1,"minecraft:bookshelf":1,"minecraft:stone":32,"minecraft:piston_head":1,"minecraft:glass_pane":1,"minecraft:dandelion":1,"minecraft:cornflower":1,"minecraft:note_block":9,"minecraft:melon":3,"minecraft:tall_grass":7,"minecraft:wall_torch":1,"minecraft:tinted_glass":2,"minecraft:spruce_log":3,"minecraft:grass":15,"minecraft:oak_log":14,"minecraft:coal_ore":2,"minecraft:sand":8,"minecraft:dirt":2,"minecraft:oak_leaves":4},"minecraft:custom":{"minecraft:interact_with_smithing_table":3,"minecraft:mob_kills":354,"minecraft:interact_with_crafting_table":11,"minecraft:open_barrel":26,"minecraft:time_since_death":18922,"minecraft:leave_game":3,"minecraft:climb_one_cm":4485,"minecraft:sprint_one_cm":621693,"minecraft:walk_one_cm":932618,"minecraft:drop":24,"minecraft:play_noteblock":11,"minecraft:play_time":170194,"minecraft:deaths":27,"minecraft:sneak_time":1039,"minecraft:walk_under_water_one_cm":1710,"minecraft:jump":2664,"minecraft:walk_on_water_one_cm":8142,"minecraft:total_world_time":170194,"minecraft:interact_with_furnace":3,"minecraft:tune_noteblock":2,"minecraft:sleep_in_bed":4,"minecraft:time_since_rest":8911,"minecraft:open_enderchest":1,"minecraft:damage_dealt":68888,"minecraft:fly_one_cm":977640,"minecraft:player_kills":1,"minecraft:open_chest":29,"minecraft:crouch_one_cm":3294,"minecraft:fall_one_cm":67271,"minecraft:inspect_dispenser":1},"minecraft:killed_by":{"minecraft:wither_skeleton":2,"solo_leveling:spider_boss":1,"solo_leveling:giga_goblin":5,"solo_leveling:goblin":1,"solo_leveling:goblin_2":1,"minecraft:skeleton":7,"minecraft:zombie":5}},"DataVersion":3465}