{"stats":{"minecraft:picked_up":{"minecraft:lilac":1,"minecraft:feather":8,"minecraft:azure_bluet":1,"minecraft:cooked_beef":5,"minecraft:chicken":6,"minecraft:leather":8,"minecraft:packed_mud":1,"minecraft:oak_log":14,"minecraft:gunpowder":6,"minecraft:cornflower":1,"minecraft:dirt":5,"minecraft:cooked_mutton":4,"minecraft:bone":27,"minecraft:wheat_seeds":1,"minecraft:beef":10,"minecraft:dark_oak_sign":1,"minecraft:player_head":4,"minecraft:egg":1,"minecraft:black_terracotta":1,"minecraft:torch":1,"minecraft:dandelion":1,"sophisticatedbackpacks:backpack":1,"minecraft:porkchop":5,"minecraft:white_bed":3,"minecraft:arrow":18,"minecraft:rotten_flesh":14,"minecraft:slime_ball":1,"solo_leveling:magic_crystalll":106,"solo_leveling:knight_killer":2,"minecraft:mutton":9,"minecraft:coal":6,"minecraft:white_wool":7,"minecraft:cobblestone":13,"minecraft:oxeye_daisy":1},"minecraft:crafted":{"minecraft:oak_planks":56,"minecraft:oak_slab":18,"minecraft:crafting_table":3,"minecraft:wooden_pickaxe":1,"minecraft:cooked_chicken":2,"minecraft:furnace":1,"minecraft:cooked_mutton":2,"minecraft:air":0,"minecraft:stick":4,"minecraft:stone_sword":2,"minecraft:white_bed":1},"minecraft:killed":{"solo_leveling:giga_goblin":2,"minecraft:pig":2,"naturalist:snake":1,"naturalist:butterfly":1,"minecraft:spider":3,"solo_leveling:goblin_2":48,"naturalist:robin":1,"minecraft:creeper":6,"naturalist:snail":1,"minecraft:sheep":6,"minecraft:skeleton":27,"minecraft:zombie":15,"minecraft:chicken":4,"solo_leveling:goblin":52,"mca:female_villager":1,"minecraft:wither_skeleton":6,"naturalist:sparrow":2,"minecraft:cow":4},"minecraft:used":{"minecraft:cooked_mutton":5,"minecraft:stone_sword":147,"minecraft:wooden_pickaxe":19,"minecraft:cooked_chicken":2,"minecraft:rotten_flesh":5,"minecraft:dirt":2,"minecraft:mutton":2,"minecraft:crafting_table":3,"minecraft:white_bed":3,"minecraft:apple":8,"minecraft:chicken":4,"minecraft:bread":5,"solo_leveling:knight_killer":248,"minecraft:beef":10,"minecraft:furnace":1,"minecraft:porkchop":5,"minecraft:cooked_beef":5,"minecraft:potato":9,"solo_leveling:silver_spear":26},"minecraft:dropped":{"solo_leveling:knight_killer":2,"minecraft:oxeye_daisy":1},"minecraft:broken":{"minecraft:stone_sword":1},"minecraft:mined":{"minecraft:white_bed":3,"minecraft:glass_pane":1,"minecraft:dandelion":1,"minecraft:cornflower":1,"minecraft:grass_block":4,"minecraft:tall_grass":4,"minecraft:oxeye_daisy":1,"minecraft:wall_torch":1,"minecraft:spawner":2,"minecraft:azure_bluet":1,"minecraft:grass":14,"minecraft:coal_ore":2,"minecraft:oak_log":14,"minecraft:dirt":2,"minecraft:stone":13,"minecraft:oak_leaves":4},"minecraft:custom":{"minecraft:interact_with_furnace":3,"minecraft:mob_kills":183,"minecraft:interact_with_crafting_table":8,"minecraft:open_barrel":2,"minecraft:leave_game":3,"minecraft:time_since_death":764,"minecraft:sleep_in_bed":3,"minecraft:climb_one_cm":1803,"minecraft:time_since_rest":789,"minecraft:sprint_one_cm":319023,"minecraft:open_enderchest":1,"minecraft:walk_one_cm":478371,"minecraft:drop":3,"minecraft:damage_dealt":29412,"minecraft:fly_one_cm":377386,"minecraft:open_chest":10,"minecraft:crouch_one_cm":160,"minecraft:play_time":92194,"minecraft:deaths":18,"minecraft:sneak_time":166,"minecraft:walk_under_water_one_cm":1087,"minecraft:jump":1262,"minecraft:walk_on_water_one_cm":526,"minecraft:total_world_time":92194,"minecraft:fall_one_cm":24044},"minecraft:killed_by":{"solo_leveling:goblin":1,"minecraft:wither_skeleton":1,"solo_leveling:goblin_2":1,"minecraft:skeleton":5,"minecraft:zombie":3,"solo_leveling:giga_goblin":5}},"DataVersion":3465}