{"stats":{"minecraft:picked_up":{"minecraft:feather":4,"minecraft:azure_bluet":1,"minecraft:chicken":4,"minecraft:leather":2,"minecraft:dandelion":1,"minecraft:porkchop":5,"minecraft:beef":5,"minecraft:mutton":2,"minecraft:cornflower":1,"minecraft:white_wool":1,"minecraft:egg":1,"minecraft:oxeye_daisy":1},"minecraft:killed":{"minecraft:sheep":1,"minecraft:pig":2,"minecraft:chicken":2,"minecraft:cow":2},"minecraft:dropped":{"minecraft:oxeye_daisy":1},"minecraft:mined":{"minecraft:grass":9,"minecraft:tall_grass":1,"minecraft:dandelion":1,"minecraft:oxeye_daisy":1,"minecraft:azure_bluet":1,"minecraft:cornflower":1},"minecraft:custom":{"minecraft:time_since_rest":13585,"minecraft:play_time":13585,"minecraft:sprint_one_cm":8998,"minecraft:walk_one_cm":17399,"minecraft:mob_kills":7,"minecraft:drop":1,"minecraft:jump":40,"minecraft:damage_dealt":589,"minecraft:time_since_death":13585,"minecraft:total_world_time":13585,"minecraft:fall_one_cm":418,"minecraft:fly_one_cm":8465}},"DataVersion":3465}