{"stats":{"minecraft:picked_up":{"minecraft:mud_bricks":2,"minecraft:lilac":2,"minecraft:feather":8,"minecraft:azure_bluet":1,"minecraft:cooked_beef":5,"minecraft:chicken":6,"minecraft:leather":8,"minecraft:packed_mud":1,"minecraft:oak_log":14,"minecraft:gunpowder":12,"minecraft:cornflower":2,"minecraft:dirt":5,"minecraft:sticky_piston":2,"minecraft:cooked_mutton":4,"minecraft:bone":51,"minecraft:wheat_seeds":1,"minecraft:spruce_planks":2,"minecraft:ender_eye":1,"minecraft:beef":10,"minecraft:dark_oak_sign":1,"minecraft:player_head":4,"minecraft:tinted_glass":2,"minecraft:egg":1,"minecraft:black_terracotta":1,"minecraft:torch":1,"minecraft:dandelion":1,"minecraft:note_block":7,"sophisticatedbackpacks:backpack":1,"minecraft:porkchop":5,"minecraft:lightning_rod":1,"minecraft:carrot":1,"minecraft:white_bed":3,"minecraft:yellow_banner":1,"minecraft:arrow":33,"minecraft:rotten_flesh":31,"minecraft:slime_ball":1,"solo_leveling:magic_crystalll":106,"minecraft:diamond_axe":1,"minecraft:saddle":1,"minecraft:emerald":1,"solo_leveling:knight_killer":2,"minecraft:mutton":9,"minecraft:coal":7,"minecraft:white_wool":7,"minecraft:cobblestone":13,"minecraft:oxeye_daisy":1},"minecraft:crafted":{"minecraft:oak_planks":56,"minecraft:oak_slab":18,"minecraft:crafting_table":4,"minecraft:wooden_pickaxe":1,"minecraft:cooked_chicken":2,"minecraft:furnace":1,"minecraft:cooked_mutton":2,"minecraft:air":0,"minecraft:diamond_leggings":1,"minecraft:diamond_helmet":1,"minecraft:stick":4,"minecraft:stone_sword":2,"minecraft:diamond_boots":1,"minecraft:white_bed":1,"minecraft:diamond_chestplate":1},"minecraft:killed":{"solo_leveling:giga_goblin":2,"minecraft:pig":2,"naturalist:snake":1,"naturalist:butterfly":1,"minecraft:vindicator":3,"minecraft:spider":5,"solo_leveling:goblin_2":48,"naturalist:robin":1,"minecraft:ravager":5,"minecraft:creeper":17,"naturalist:snail":1,"minecraft:sheep":6,"minecraft:skeleton":45,"minecraft:pillager":8,"minecraft:zombie":34,"minecraft:chicken":4,"solo_leveling:goblin":52,"mca:female_villager":1,"minecraft:wither_skeleton":10,"naturalist:sparrow":2,"minecraft:enderman":1,"minecraft:cow":4},"minecraft:used":{"minecraft:cooked_mutton":6,"minecraft:stone_sword":147,"minecraft:oak_planks":23,"minecraft:spruce_planks":2,"minecraft:wooden_pickaxe":36,"minecraft:tinted_glass":2,"minecraft:player_head":4,"minecraft:cooked_chicken":2,"minecraft:rotten_flesh":7,"minecraft:white_wool":4,"minecraft:dirt":2,"minecraft:mutton":2,"minecraft:crafting_table":4,"minecraft:white_bed":4,"minecraft:note_block":1,"minecraft:apple":8,"minecraft:chicken":4,"minecraft:bread":5,"solo_leveling:knight_killer":349,"minecraft:barrel":1,"minecraft:golden_carrot":8,"minecraft:beef":10,"minecraft:furnace":1,"minecraft:porkchop":5,"minecraft:cooked_beef":5,"minecraft:potato":9,"solo_leveling:silver_spear":39},"minecraft:dropped":{"solo_leveling:knight_killer":2,"minecraft:note_block":5,"minecraft:wheat_seeds":1,"minecraft:lilac":1,"minecraft:stone_sword":1,"minecraft:glass_bottle":1,"minecraft:sticky_piston":2,"minecraft:iron_helmet":1,"minecraft:rotten_flesh":68,"minecraft:lantern":5,"minecraft:oxeye_daisy":1,"minecraft:redstone_lamp":1,"minecraft:gunpowder":4,"minecraft:cornflower":2,"minecraft:iron_chestplate":1,"minecraft:oak_sapling":2,"minecraft:dandelion":1},"minecraft:broken":{"minecraft:stone_sword":1},"minecraft:mined":{"minecraft:piston_head":1,"minecraft:white_bed":4,"minecraft:glass_pane":1,"minecraft:dandelion":1,"minecraft:cornflower":1,"minecraft:note_block":7,"minecraft:grass_block":4,"minecraft:tall_grass":4,"minecraft:mud_brick_wall":4,"minecraft:oxeye_daisy":1,"minecraft:wall_torch":1,"minecraft:spawner":7,"minecraft:tinted_glass":2,"minecraft:sticky_piston":1,"minecraft:azure_bluet":1,"minecraft:grass":14,"minecraft:bookshelf":1,"minecraft:coal_ore":2,"minecraft:oak_log":14,"minecraft:dirt":2,"minecraft:stone":13,"minecraft:oak_leaves":4},"minecraft:custom":{"minecraft:interact_with_smithing_table":2,"minecraft:interact_with_furnace":3,"minecraft:mob_kills":255,"minecraft:interact_with_crafting_table":10,"minecraft:open_barrel":20,"minecraft:leave_game":3,"minecraft:time_since_death":5478,"minecraft:sleep_in_bed":3,"minecraft:climb_one_cm":2459,"minecraft:time_since_rest":5521,"minecraft:sprint_one_cm":405833,"minecraft:open_enderchest":1,"minecraft:walk_one_cm":697471,"minecraft:drop":20,"minecraft:damage_dealt":49727,"minecraft:play_noteblock":8,"minecraft:fly_one_cm":438026,"minecraft:player_kills":1,"minecraft:open_chest":25,"minecraft:crouch_one_cm":2871,"minecraft:play_time":122194,"minecraft:deaths":23,"minecraft:sneak_time":867,"minecraft:walk_under_water_one_cm":1710,"minecraft:jump":1512,"minecraft:walk_on_water_one_cm":6481,"minecraft:total_world_time":122194,"minecraft:inspect_dispenser":1,"minecraft:fall_one_cm":29989},"minecraft:killed_by":{"solo_leveling:goblin":1,"minecraft:wither_skeleton":2,"solo_leveling:goblin_2":1,"minecraft:skeleton":7,"minecraft:zombie":5,"solo_leveling:giga_goblin":5}},"DataVersion":3465}