{"stats":{"minecraft:picked_up":{"minecraft:azure_bluet":1,"minecraft:feather":4,"minecraft:chicken":4,"minecraft:leather":2,"minecraft:dandelion":1,"sophisticatedbackpacks:backpack":1,"minecraft:porkchop":5,"minecraft:oak_log":14,"minecraft:white_bed":2,"minecraft:cornflower":1,"minecraft:dirt":4,"minecraft:rotten_flesh":6,"minecraft:wheat_seeds":1,"solo_leveling:magic_crystalll":40,"minecraft:beef":10,"minecraft:dark_oak_sign":1,"solo_leveling:knight_killer":1,"minecraft:mutton":2,"minecraft:coal":2,"minecraft:egg":1,"minecraft:white_wool":1,"minecraft:cobblestone":13,"minecraft:oxeye_daisy":1},"minecraft:crafted":{"minecraft:oak_slab":18,"minecraft:oak_planks":56,"minecraft:crafting_table":2,"minecraft:stick":4,"minecraft:wooden_pickaxe":1,"minecraft:stone_sword":2},"minecraft:killed":{"minecraft:sheep":1,"solo_leveling:giga_goblin":1,"minecraft:zombie":8,"minecraft:pig":2,"minecraft:chicken":2,"solo_leveling:goblin":18,"solo_leveling:goblin_2":21,"minecraft:spider":1,"mca:female_villager":1,"minecraft:cow":4},"minecraft:used":{"minecraft:stone_sword":147,"minecraft:apple":8,"minecraft:chicken":4,"minecraft:bread":5,"minecraft:wooden_pickaxe":17,"solo_leveling:knight_killer":25,"minecraft:dirt":2,"minecraft:mutton":2,"minecraft:beef":9,"minecraft:crafting_table":2,"minecraft:porkchop":1,"minecraft:white_bed":2,"minecraft:potato":9},"minecraft:dropped":{"solo_leveling:knight_killer":1,"minecraft:oxeye_daisy":1},"minecraft:broken":{"minecraft:stone_sword":1},"minecraft:mined":{"minecraft:white_bed":2,"minecraft:glass_pane":1,"minecraft:dandelion":1,"minecraft:azure_bluet":1,"minecraft:cornflower":1,"minecraft:grass":11,"minecraft:grass_block":3,"minecraft:oak_log":14,"minecraft:coal_ore":2,"minecraft:dirt":1,"minecraft:tall_grass":1,"minecraft:stone":13,"minecraft:oxeye_daisy":1,"minecraft:oak_leaves":4},"minecraft:custom":{"minecraft:time_since_rest":4573,"minecraft:sprint_one_cm":156372,"minecraft:walk_one_cm":196233,"minecraft:mob_kills":60,"minecraft:drop":2,"minecraft:damage_dealt":6956,"minecraft:interact_with_crafting_table":6,"minecraft:fly_one_cm":234431,"minecraft:open_chest":3,"minecraft:play_time":56194,"minecraft:crouch_one_cm":160,"minecraft:deaths":11,"minecraft:sneak_time":159,"minecraft:walk_under_water_one_cm":1087,"minecraft:jump":777,"minecraft:leave_game":3,"minecraft:walk_on_water_one_cm":526,"minecraft:time_since_death":4541,"minecraft:sleep_in_bed":1,"minecraft:total_world_time":56194,"minecraft:fall_one_cm":14173},"minecraft:killed_by":{"solo_leveling:goblin":1,"solo_leveling:goblin_2":1,"solo_leveling:giga_goblin":4,"minecraft:zombie":3}},"DataVersion":3465}