{"stats":{"minecraft:picked_up":{"minecraft:azure_bluet":1,"minecraft:feather":4,"minecraft:chicken":4,"minecraft:leather":2,"minecraft:dandelion":1,"sophisticatedbackpacks:backpack":1,"minecraft:porkchop":5,"minecraft:oak_log":14,"minecraft:white_bed":1,"minecraft:cornflower":1,"minecraft:dirt":2,"minecraft:rotten_flesh":6,"minecraft:beef":5,"minecraft:mutton":2,"minecraft:white_wool":1,"minecraft:egg":1,"minecraft:oxeye_daisy":1},"minecraft:crafted":{"minecraft:oak_planks":56,"minecraft:oak_slab":18,"minecraft:crafting_table":1,"minecraft:stick":4},"minecraft:killed":{"minecraft:sheep":1,"minecraft:zombie":8,"minecraft:pig":2,"minecraft:chicken":2,"minecraft:spider":1,"mca:female_villager":1,"minecraft:cow":2},"minecraft:used":{"minecraft:bread":2,"minecraft:dirt":2,"minecraft:crafting_table":1,"minecraft:potato":5},"minecraft:dropped":{"minecraft:oxeye_daisy":1},"minecraft:mined":{"minecraft:white_bed":1,"minecraft:glass_pane":1,"minecraft:dandelion":1,"minecraft:cornflower":1,"minecraft:azure_bluet":1,"minecraft:grass":10,"minecraft:grass_block":2,"minecraft:oak_log":14,"minecraft:tall_grass":1,"minecraft:oxeye_daisy":1,"minecraft:oak_leaves":4},"minecraft:custom":{"minecraft:time_since_rest":5409,"minecraft:sprint_one_cm":35988,"minecraft:walk_one_cm":54089,"minecraft:mob_kills":18,"minecraft:drop":1,"minecraft:damage_dealt":2369,"minecraft:interact_with_crafting_table":1,"minecraft:fly_one_cm":40131,"minecraft:open_chest":3,"minecraft:crouch_one_cm":160,"minecraft:play_time":25534,"minecraft:deaths":3,"minecraft:sneak_time":154,"minecraft:jump":178,"minecraft:leave_game":2,"minecraft:time_since_death":7077,"minecraft:sleep_in_bed":1,"minecraft:total_world_time":25534,"minecraft:fall_one_cm":4484},"minecraft:killed_by":{"minecraft:zombie":3}},"DataVersion":3465}