{"stats":{"minecraft:picked_up":{"minecraft:azure_bluet":1,"minecraft:chicken":6,"minecraft:cornflower":2,"minecraft:sticky_piston":2,"minecraft:spruce_planks":2,"minecraft:beef":10,"minecraft:player_head":4,"minecraft:ender_eye":1,"minecraft:tinted_glass":2,"minecraft:egg":1,"minecraft:torch":1,"sophisticatedbackpacks:backpack":1,"minecraft:note_block":8,"minecraft:porkchop":5,"minecraft:lightning_rod":1,"minecraft:carrot":1,"minecraft:yellow_banner":1,"minecraft:arrow":34,"minecraft:rotten_flesh":32,"solo_leveling:magic_crystalll":124,"minecraft:saddle":1,"minecraft:mutton":9,"minecraft:white_wool":7,"minecraft:cobblestone":32,"minecraft:oxeye_daisy":1,"minecraft:cooked_beef":5,"minecraft:mud_bricks":2,"minecraft:feather":8,"minecraft:lilac":2,"minecraft:leather":8,"minecraft:packed_mud":1,"minecraft:oak_log":14,"minecraft:gunpowder":12,"minecraft:dirt":5,"minecraft:cooked_mutton":4,"minecraft:bone":52,"minecraft:wheat_seeds":1,"minecraft:dark_oak_sign":1,"minecraft:black_terracotta":1,"minecraft:dandelion":1,"minecraft:sand":8,"minecraft:white_bed":3,"minecraft:slime_ball":1,"minecraft:diamond_axe":1,"minecraft:emerald":1,"solo_leveling:knight_killer":2,"minecraft:coal":7},"minecraft:crafted":{"minecraft:oak_planks":56,"minecraft:cooked_chicken":2,"minecraft:furnace":1,"minecraft:cooked_mutton":2,"minecraft:diamond_helmet":1,"minecraft:diamond_leggings":1,"minecraft:diamond_boots":1,"minecraft:oak_slab":18,"minecraft:crafting_table":4,"minecraft:wooden_pickaxe":1,"minecraft:air":0,"minecraft:stick":4,"minecraft:stone_sword":2,"minecraft:white_bed":1,"minecraft:diamond_chestplate":1},"minecraft:killed":{"minecraft:spider":5,"minecraft:vindicator":3,"naturalist:robin":1,"naturalist:snail":1,"minecraft:skeleton":45,"minecraft:chicken":4,"solo_leveling:giga_goblin":2,"minecraft:pig":2,"naturalist:snake":1,"naturalist:butterfly":1,"solo_leveling:goblin_2":56,"minecraft:ravager":5,"minecraft:creeper":18,"minecraft:sheep":6,"minecraft:pillager":8,"minecraft:zombie":34,"solo_leveling:goblin":63,"mca:female_villager":1,"minecraft:wither_skeleton":10,"naturalist:sparrow":2,"minecraft:enderman":1,"minecraft:cow":4},"minecraft:dropped":{"minecraft:wheat_seeds":1,"minecraft:lilac":1,"minecraft:glass_bottle":1,"minecraft:iron_helmet":1,"minecraft:lantern":5,"minecraft:oxeye_daisy":1,"minecraft:redstone_lamp":1,"minecraft:cornflower":2,"minecraft:dandelion":1,"solo_leveling:knight_killer":2,"minecraft:note_block":5,"minecraft:stone_sword":1,"minecraft:sticky_piston":2,"minecraft:rotten_flesh":68,"minecraft:gunpowder":4,"minecraft:iron_chestplate":1,"minecraft:oak_sapling":2},"minecraft:used":{"minecraft:stone_sword":147,"minecraft:spruce_planks":2,"minecraft:tinted_glass":2,"minecraft:rotten_flesh":7,"minecraft:player_head":4,"minecraft:cooked_chicken":2,"minecraft:dirt":2,"minecraft:mutton":2,"minecraft:packed_mud":1,"minecraft:barrel":1,"minecraft:golden_carrot":10,"minecraft:bow":32,"minecraft:beef":10,"minecraft:furnace":1,"minecraft:potato":9,"minecraft:cooked_beef":5,"solo_leveling:silver_spear":39,"minecraft:cooked_mutton":6,"minecraft:oak_planks":23,"minecraft:wooden_pickaxe":57,"minecraft:white_wool":4,"minecraft:sand":4,"minecraft:oak_slab":13,"minecraft:crafting_table":4,"minecraft:white_bed":4,"minecraft:note_block":3,"minecraft:apple":8,"minecraft:chicken":4,"minecraft:bread":5,"solo_leveling:knight_killer":390,"minecraft:cobblestone":16,"minecraft:porkchop":5},"minecraft:broken":{"minecraft:stone_sword":1},"minecraft:mined":{"minecraft:white_bed":4,"minecraft:grass_block":4,"minecraft:mud_brick_wall":4,"minecraft:oxeye_daisy":1,"minecraft:spawner":7,"minecraft:sticky_piston":1,"minecraft:azure_bluet":1,"minecraft:bookshelf":1,"minecraft:stone":32,"minecraft:piston_head":1,"minecraft:glass_pane":1,"minecraft:dandelion":1,"minecraft:cornflower":1,"minecraft:note_block":9,"minecraft:tall_grass":4,"minecraft:wall_torch":1,"minecraft:tinted_glass":2,"minecraft:grass":14,"minecraft:oak_log":14,"minecraft:coal_ore":2,"minecraft:sand":8,"minecraft:dirt":2,"minecraft:oak_leaves":4},"minecraft:custom":{"minecraft:interact_with_smithing_table":2,"minecraft:mob_kills":275,"minecraft:interact_with_crafting_table":10,"minecraft:open_barrel":20,"minecraft:time_since_death":7870,"minecraft:leave_game":3,"minecraft:climb_one_cm":2491,"minecraft:sprint_one_cm":438072,"minecraft:walk_one_cm":752288,"minecraft:drop":20,"minecraft:play_noteblock":11,"minecraft:play_time":134194,"minecraft:deaths":24,"minecraft:sneak_time":983,"minecraft:walk_under_water_one_cm":1710,"minecraft:jump":1664,"minecraft:walk_on_water_one_cm":7350,"minecraft:total_world_time":134194,"minecraft:interact_with_furnace":3,"minecraft:tune_noteblock":2,"minecraft:sleep_in_bed":3,"minecraft:time_since_rest":7901,"minecraft:open_enderchest":1,"minecraft:damage_dealt":51950,"minecraft:fly_one_cm":468074,"minecraft:player_kills":1,"minecraft:open_chest":26,"minecraft:crouch_one_cm":3132,"minecraft:fall_one_cm":46828,"minecraft:inspect_dispenser":1},"minecraft:killed_by":{"minecraft:wither_skeleton":2,"solo_leveling:giga_goblin":5,"solo_leveling:goblin":1,"solo_leveling:goblin_2":1,"minecraft:skeleton":7,"minecraft:zombie":5}},"DataVersion":3465}