{"stats":{"minecraft:crafted":{"minecraft:oak_planks":56,"minecraft:oak_slab":18,"minecraft:crafting_table":2,"minecraft:stick":4,"minecraft:wooden_pickaxe":1,"minecraft:stone_sword":1},"minecraft:mined":{"minecraft:white_bed":1,"minecraft:glass_pane":1,"minecraft:dandelion":1,"minecraft:cornflower":1,"minecraft:azure_bluet":1,"minecraft:grass":10,"minecraft:coal_ore":2,"minecraft:grass_block":3,"minecraft:oak_log":14,"minecraft:dirt":1,"minecraft:tall_grass":1,"minecraft:stone":13,"minecraft:oxeye_daisy":1,"minecraft:oak_leaves":4},"minecraft:killed":{"minecraft:sheep":1,"minecraft:zombie":8,"minecraft:pig":2,"minecraft:chicken":2,"solo_leveling:goblin":5,"solo_leveling:goblin_2":7,"minecraft:spider":1,"mca:female_villager":1,"minecraft:cow":4},"minecraft:custom":{"minecraft:time_since_rest":3146,"minecraft:sprint_one_cm":70604,"minecraft:walk_one_cm":116185,"minecraft:mob_kills":32,"minecraft:drop":1,"minecraft:damage_dealt":3950,"minecraft:interact_with_crafting_table":3,"minecraft:fly_one_cm":97815,"minecraft:open_chest":3,"minecraft:crouch_one_cm":160,"minecraft:play_time":37404,"minecraft:deaths":5,"minecraft:sneak_time":154,"minecraft:jump":367,"minecraft:leave_game":2,"minecraft:time_since_death":3123,"minecraft:sleep_in_bed":1,"minecraft:total_world_time":37404,"minecraft:fall_one_cm":10094},"minecraft:killed_by":{"solo_leveling:goblin":1,"solo_leveling:goblin_2":1,"minecraft:zombie":3},"minecraft:picked_up":{"minecraft:azure_bluet":1,"minecraft:feather":4,"minecraft:chicken":4,"minecraft:leather":2,"minecraft:dandelion":1,"sophisticatedbackpacks:backpack":1,"minecraft:porkchop":5,"minecraft:oak_log":14,"minecraft:white_bed":1,"minecraft:cornflower":1,"minecraft:dirt":4,"minecraft:rotten_flesh":6,"minecraft:wheat_seeds":1,"solo_leveling:magic_crystalll":12,"minecraft:beef":10,"minecraft:mutton":2,"minecraft:coal":2,"minecraft:cobblestone":13,"minecraft:white_wool":1,"minecraft:egg":1,"minecraft:oxeye_daisy":1},"minecraft:dropped":{"minecraft:oxeye_daisy":1},"minecraft:used":{"minecraft:apple":5,"minecraft:stone_sword":67,"minecraft:bread":5,"minecraft:wooden_pickaxe":17,"minecraft:dirt":2,"minecraft:mutton":2,"minecraft:beef":3,"minecraft:crafting_table":1,"minecraft:white_bed":1,"minecraft:potato":5}},"DataVersion":3465}