{"stats":{"minecraft:picked_up":{"minecraft:lilac":2,"minecraft:feather":8,"minecraft:azure_bluet":1,"minecraft:cooked_beef":5,"minecraft:chicken":6,"minecraft:leather":8,"minecraft:packed_mud":1,"minecraft:oak_log":14,"minecraft:gunpowder":10,"minecraft:cornflower":2,"minecraft:dirt":5,"minecraft:sticky_piston":2,"minecraft:cooked_mutton":4,"minecraft:bone":35,"minecraft:wheat_seeds":1,"minecraft:beef":10,"minecraft:dark_oak_sign":1,"minecraft:player_head":4,"minecraft:egg":1,"minecraft:black_terracotta":1,"minecraft:torch":1,"minecraft:dandelion":1,"minecraft:note_block":5,"sophisticatedbackpacks:backpack":1,"minecraft:porkchop":5,"minecraft:white_bed":3,"minecraft:arrow":24,"minecraft:rotten_flesh":26,"minecraft:slime_ball":1,"solo_leveling:magic_crystalll":106,"minecraft:diamond_axe":1,"minecraft:saddle":1,"minecraft:emerald":1,"solo_leveling:knight_killer":2,"minecraft:mutton":9,"minecraft:coal":7,"minecraft:white_wool":7,"minecraft:cobblestone":13,"minecraft:oxeye_daisy":1},"minecraft:crafted":{"minecraft:oak_planks":56,"minecraft:oak_slab":18,"minecraft:crafting_table":4,"minecraft:wooden_pickaxe":1,"minecraft:cooked_chicken":2,"minecraft:furnace":1,"minecraft:cooked_mutton":2,"minecraft:air":0,"minecraft:diamond_leggings":1,"minecraft:diamond_helmet":1,"minecraft:stick":4,"minecraft:stone_sword":2,"minecraft:diamond_boots":1,"minecraft:white_bed":1,"minecraft:diamond_chestplate":1},"minecraft:killed":{"solo_leveling:giga_goblin":2,"minecraft:pig":2,"naturalist:snake":1,"naturalist:butterfly":1,"minecraft:vindicator":3,"minecraft:spider":3,"solo_leveling:goblin_2":48,"naturalist:robin":1,"minecraft:ravager":3,"minecraft:creeper":12,"naturalist:snail":1,"minecraft:sheep":6,"minecraft:skeleton":34,"minecraft:pillager":8,"minecraft:zombie":29,"minecraft:chicken":4,"solo_leveling:goblin":52,"mca:female_villager":1,"minecraft:wither_skeleton":8,"naturalist:sparrow":2,"minecraft:cow":4},"minecraft:used":{"minecraft:cooked_mutton":6,"minecraft:stone_sword":147,"minecraft:oak_planks":13,"minecraft:wooden_pickaxe":29,"minecraft:cooked_chicken":2,"minecraft:rotten_flesh":7,"minecraft:white_wool":4,"minecraft:dirt":2,"minecraft:mutton":2,"minecraft:crafting_table":4,"minecraft:white_bed":4,"minecraft:apple":8,"minecraft:chicken":4,"minecraft:bread":5,"solo_leveling:knight_killer":305,"minecraft:golden_carrot":3,"minecraft:beef":10,"minecraft:furnace":1,"minecraft:porkchop":5,"minecraft:cooked_beef":5,"minecraft:potato":9,"solo_leveling:silver_spear":35},"minecraft:dropped":{"solo_leveling:knight_killer":2,"minecraft:note_block":5,"minecraft:wheat_seeds":1,"minecraft:lilac":1,"minecraft:stone_sword":1,"minecraft:glass_bottle":1,"minecraft:sticky_piston":2,"minecraft:iron_helmet":1,"minecraft:rotten_flesh":68,"minecraft:lantern":5,"minecraft:oxeye_daisy":1,"minecraft:redstone_lamp":1,"minecraft:gunpowder":4,"minecraft:cornflower":2,"minecraft:iron_chestplate":1,"minecraft:oak_sapling":2,"minecraft:dandelion":1},"minecraft:broken":{"minecraft:stone_sword":1},"minecraft:mined":{"minecraft:piston_head":1,"minecraft:white_bed":4,"minecraft:glass_pane":1,"minecraft:dandelion":1,"minecraft:cornflower":1,"minecraft:note_block":5,"minecraft:grass_block":4,"minecraft:tall_grass":4,"minecraft:oxeye_daisy":1,"minecraft:wall_torch":1,"minecraft:spawner":4,"minecraft:sticky_piston":1,"minecraft:azure_bluet":1,"minecraft:grass":14,"minecraft:coal_ore":2,"minecraft:oak_log":14,"minecraft:dirt":2,"minecraft:stone":13,"minecraft:oak_leaves":4},"minecraft:custom":{"minecraft:interact_with_smithing_table":2,"minecraft:interact_with_furnace":3,"minecraft:mob_kills":226,"minecraft:interact_with_crafting_table":10,"minecraft:open_barrel":17,"minecraft:leave_game":3,"minecraft:time_since_death":4196,"minecraft:sleep_in_bed":3,"minecraft:climb_one_cm":2255,"minecraft:time_since_rest":4220,"minecraft:sprint_one_cm":369647,"minecraft:open_enderchest":1,"minecraft:walk_one_cm":612928,"minecraft:drop":20,"minecraft:damage_dealt":40775,"minecraft:play_noteblock":5,"minecraft:fly_one_cm":410277,"minecraft:player_kills":1,"minecraft:open_chest":19,"minecraft:crouch_one_cm":1335,"minecraft:play_time":110194,"minecraft:deaths":22,"minecraft:sneak_time":469,"minecraft:walk_under_water_one_cm":1710,"minecraft:jump":1360,"minecraft:walk_on_water_one_cm":4817,"minecraft:total_world_time":110194,"minecraft:fall_one_cm":26825},"minecraft:killed_by":{"solo_leveling:goblin":1,"minecraft:wither_skeleton":2,"solo_leveling:goblin_2":1,"minecraft:skeleton":6,"minecraft:zombie":5,"solo_leveling:giga_goblin":5}},"DataVersion":3465}