{"stats":{"minecraft:killed_by":{"minecraft:player":1,"minecraft:skeleton":4},"minecraft:dropped":{"minecraft:wheat_seeds":27,"arthas_rpg_arms:excalibur":1,"minecraft:oak_log":11,"minecraft:dark_oak_sapling":1,"rpgsmw:rpg_weapons_book":2,"minecraft:feather":1,"minecraft:iron_helmet":1,"minecraft:cobblestone":42,"minecraft:rotten_flesh":2,"arthas_rpg_arms:skulk_hammer":1,"minecraft:oak_planks":3,"minecraft:iron_boots":2,"minecraft:leather":22,"minecraft:granite":4,"arthas_rpg_arms:sword_of_the_void":2,"arthas_rpg_arms:devoid_chestplate":1,"arthas_rpg_arms:slime_boots":1,"minecraft:stick":2,"minecraft:oxeye_daisy":1,"minecraft:stone_button":1,"minecraft:iron_chestplate":1,"mine_curse:recomendation_letter":2,"minecraft:andesite":3,"minecraft:iron_leggings":2,"arthas_rpg_arms:amethyst_crown_helmet":3,"minecraft:arrow":7,"minecraft:stone_pickaxe":1,"minecraft:white_wool":3,"minecraft:dandelion":2,"minecraft:bone":9},"minecraft:picked_up":{"arthas_rpg_arms:plated_steel_boots":1,"minecraft:iron_chestplate":2,"minecraft:feather":1,"minecraft:cooked_beef":5,"minecraft:chicken":3,"minecraft:andesite":7,"minecraft:leather":22,"arthas_rpg_arms:slime_boots":2,"arthas_rpg_arms:aetheric_chestplate":1,"minecraft:enchanted_book":1,"mine_curse:cursed_object":1,"minecraft:oak_log":15,"minecraft:lapis_lazuli":7,"minecraft:dirt":33,"arthas_rpg_arms:amethyst_crown_helmet":3,"mine_curse:life_scroll":20,"minecraft:iron_leggings":3,"minecraft:bone":9,"arthas_rpg_arms:plated_steel_leggings":1,"arthas_rpg_arms:sword_of_the_void":2,"minecraft:wheat_seeds":27,"minecraft:beef":31,"minecraft:stone_pickaxe":1,"minecraft:cobweb":8,"minecraft:iron_ore":34,"minecraft:iron_pickaxe":1,"rpgsmw:ironscane":1,"minecraft:iron_boots":3,"minecraft:egg":3,"rpgsmw:rpg_weapons_book":1,"minecraft:dark_oak_sapling":1,"minecraft:stick":2,"arthas_rpg_arms:devoid_chestplate":1,"mine_curse:recomendation_letter":2,"minecraft:torch":12,"minecraft:dandelion":2,"minecraft:porkchop":12,"arthas_rpg_arms:spiked_shield":1,"minecraft:stone_button":1,"mine_curse:sukuna_technique":1,"minecraft:diorite":11,"minecraft:gold_ore":18,"mine_curse:reverse_scroll":1,"mine_curse:hundred_yens":1,"arthas_rpg_arms:plated_steel_chestplate":1,"mine_curse:wormeat":8,"minecraft:arrow":7,"arthas_rpg_arms:plated_steel_helmet":1,"minecraft:rotten_flesh":2,"minecraft:lever":2,"arthas_rpg_arms:skulk_hammer":2,"minecraft:iron_helmet":2,"minecraft:granite":4,"minecraft:bread":4,"minecraft:obsidian":4,"minecraft:mutton":7,"minecraft:coal":48,"minecraft:white_wool":3,"minecraft:cobblestone":64,"minecraft:oxeye_daisy":1},"minecraft:custom":{"minecraft:interact_with_furnace":18,"minecraft:interact_with_anvil":3,"minecraft:mob_kills":60,"minecraft:interact_with_crafting_table":5,"minecraft:play_one_minute":209708,"minecraft:leave_game":7,"minecraft:time_since_death":65028,"minecraft:sleep_in_bed":2,"minecraft:climb_one_cm":1143,"minecraft:damage_resisted":7532,"minecraft:time_since_rest":65069,"minecraft:sprint_one_cm":565316,"minecraft:damage_taken":68458,"minecraft:walk_one_cm":1410425,"minecraft:damage_blocked_by_shield":3920,"minecraft:drop":99,"minecraft:damage_dealt":11403,"minecraft:swim_one_cm":739,"minecraft:fly_one_cm":396832,"minecraft:open_chest":22,"minecraft:crouch_one_cm":1542,"minecraft:deaths":51,"minecraft:sneak_time":502,"minecraft:walk_under_water_one_cm":8798,"minecraft:jump":2726,"minecraft:interact_with_blast_furnace":1,"minecraft:walk_on_water_one_cm":92579,"minecraft:fall_one_cm":121600},"minecraft:killed":{"mine_curse:curse_41":1,"minecraft:pig":4,"mine_curse:curse_11":1,"minecraft:sheep":4,"minecraft:skeleton":5,"minecraft:donkey":1,"minecraft:chicken":5,"mine_curse:curse_31":2,"mine_curse:curse_42":15,"minecraft:cow":10},"minecraft:mined":{"minecraft:lever":2,"minecraft:torch":2,"minecraft:granite":4,"minecraft:grass_block":4,"minecraft:tall_grass":8,"minecraft:lapis_ore":1,"minecraft:diorite":11,"minecraft:wall_torch":3,"minecraft:iron_ore":36,"minecraft:andesite":5,"minecraft:bee_nest":2,"minecraft:grass_path":1,"minecraft:grass":23,"minecraft:coal_ore":50,"minecraft:oak_log":15,"minecraft:dirt":14,"minecraft:stone":37,"minecraft:gold_ore":18,"minecraft:oak_leaves":2},"minecraft:crafted":{"minecraft:cooked_beef":13,"minecraft:oak_planks":16,"minecraft:cooked_porkchop":2,"minecraft:crafting_table":2,"minecraft:wooden_pickaxe":1,"minecraft:cooked_mutton":2,"minecraft:stick":4,"minecraft:iron_ingot":1,"minecraft:stone_pickaxe":1},"minecraft:used":{"minecraft:stone_pickaxe":117,"mine_curse:wormeat":3,"minecraft:wooden_pickaxe":7,"arthas_rpg_arms:skulk_hammer":2,"minecraft:torch":12,"minecraft:dirt":15,"minecraft:crafting_table":2,"minecraft:lever":2,"minecraft:iron_pickaxe":39,"rpgsmw:ironscane":2,"minecraft:cobblestone":15,"minecraft:beef":5,"minecraft:andesite":4,"minecraft:cooked_beef":16}},"DataVersion":2586}