{"stats":{"minecraft:killed_by":{"minecraft:player":1,"mine_curse:curse_21":1,"minecraft:skeleton":4,"mine_curse:curse_41":1,"mine_curse:curse_11":1},"minecraft:dropped":{"minecraft:wheat_seeds":44,"minecraft:oak_log":11,"minecraft:lilac":1,"minecraft:dark_oak_sapling":1,"rpgsmw:rpg_weapons_book":2,"minecraft:feather":1,"minecraft:iron_helmet":1,"minecraft:cobblestone":52,"minecraft:leather":22,"minecraft:granite":4,"minecraft:cracked_stone_bricks":6,"minecraft:stick":2,"minecraft:oxeye_daisy":8,"minecraft:dirt":21,"minecraft:dark_oak_log":2,"minecraft:stone_button":1,"minecraft:cornflower":1,"minecraft:iron_door":4,"minecraft:iron_leggings":2,"minecraft:white_wool":3,"minecraft:dandelion":2,"minecraft:bone":9,"minecraft:soul_torch":1,"arthas_rpg_arms:excalibur":1,"arthas_rpg_arms:skulk_hammer":1,"minecraft:rotten_flesh":2,"minecraft:oak_planks":3,"minecraft:iron_boots":2,"arthas_rpg_arms:sword_of_the_void":2,"arthas_rpg_arms:devoid_chestplate":1,"arthas_rpg_arms:slime_boots":1,"minecraft:poppy":1,"minecraft:iron_chestplate":1,"mine_curse:recomendation_letter":2,"minecraft:andesite":3,"minecraft:ladder":15,"minecraft:oak_sapling":1,"minecraft:stone_bricks":4,"arthas_rpg_arms:amethyst_crown_helmet":3,"minecraft:arrow":7,"minecraft:stone_pickaxe":1},"minecraft:picked_up":{"arthas_rpg_arms:plated_steel_boots":1,"minecraft:iron_chestplate":2,"minecraft:chicken":3,"minecraft:ladder":15,"arthas_rpg_arms:slime_boots":2,"minecraft:enchanted_book":1,"mine_curse:cursed_object":1,"minecraft:cornflower":1,"minecraft:iron_leggings":3,"minecraft:cracked_stone_bricks":13,"minecraft:beef":31,"minecraft:poppy":1,"minecraft:iron_pickaxe":1,"rpgsmw:ironscane":1,"minecraft:iron_boots":3,"minecraft:egg":4,"minecraft:dark_oak_sapling":1,"minecraft:stick":2,"minecraft:torch":12,"minecraft:porkchop":12,"arthas_rpg_arms:spiked_shield":1,"mine_curse:sukuna_technique":1,"minecraft:stone_button":1,"minecraft:diorite":11,"minecraft:prismarine_crystals":48,"mine_curse:hundred_yens":1,"arthas_rpg_arms:plated_steel_chestplate":1,"minecraft:arrow":7,"mine_curse:wormeat":13,"arthas_rpg_arms:plated_steel_helmet":1,"minecraft:rotten_flesh":2,"arthas_rpg_arms:skulk_hammer":2,"minecraft:obsidian":4,"minecraft:mutton":8,"minecraft:white_wool":4,"minecraft:cobblestone":77,"minecraft:oxeye_daisy":8,"minecraft:cooked_beef":5,"minecraft:feather":1,"minecraft:lilac":1,"mine_curse:domain_scroll":1,"minecraft:iron_door":4,"minecraft:andesite":7,"minecraft:leather":22,"arthas_rpg_arms:aetheric_chestplate":1,"minecraft:oak_log":15,"minecraft:lapis_lazuli":7,"arthas_rpg_arms:amethyst_crown_helmet":3,"minecraft:dirt":86,"mine_curse:life_scroll":20,"minecraft:bone":9,"minecraft:stone_bricks":21,"arthas_rpg_arms:plated_steel_leggings":1,"arthas_rpg_arms:sword_of_the_void":2,"minecraft:wheat_seeds":44,"minecraft:stone_pickaxe":1,"minecraft:cobweb":8,"minecraft:iron_ore":34,"rpgsmw:rpg_weapons_book":1,"arthas_rpg_arms:devoid_chestplate":1,"mine_curse:recomendation_letter":2,"minecraft:dandelion":2,"minecraft:soul_torch":3,"minecraft:gold_ore":18,"minecraft:dark_oak_log":2,"mine_curse:reverse_scroll":1,"minecraft:lever":5,"minecraft:iron_helmet":2,"minecraft:granite":4,"minecraft:bread":4,"minecraft:oak_sapling":1,"minecraft:coal":48},"minecraft:custom":{"minecraft:mob_kills":68,"minecraft:interact_with_anvil":3,"minecraft:interact_with_crafting_table":5,"minecraft:leave_game":11,"minecraft:time_since_death":1701,"minecraft:climb_one_cm":1555,"minecraft:damage_resisted":20782,"minecraft:sprint_one_cm":633591,"minecraft:walk_one_cm":1924255,"minecraft:damage_blocked_by_shield":4720,"minecraft:drop":190,"minecraft:deaths":58,"minecraft:sneak_time":502,"minecraft:walk_under_water_one_cm":15246,"minecraft:jump":3455,"minecraft:interact_with_blast_furnace":1,"minecraft:walk_on_water_one_cm":128127,"minecraft:interact_with_furnace":41,"minecraft:play_one_minute":267239,"minecraft:sleep_in_bed":2,"minecraft:time_since_rest":1734,"minecraft:damage_taken":85086,"minecraft:damage_dealt":15417,"minecraft:swim_one_cm":739,"minecraft:fly_one_cm":549614,"minecraft:open_chest":34,"minecraft:crouch_one_cm":1542,"minecraft:fall_one_cm":166574},"minecraft:broken":{"minecraft:stone_pickaxe":1,"arthas_rpg_arms:plated_steel_helmet":1},"minecraft:killed":{"mine_curse:curse_41":1,"mine_curse:curse_11":1,"minecraft:skeleton":5,"minecraft:chicken":5,"mine_curse:curse_31":4,"mine_curse:curse_42":19,"minecraft:pig":4,"minecraft:sheep":4,"minecraft:donkey":1,"minecraft:cow":10},"minecraft:mined":{"minecraft:lever":2,"minecraft:granite":4,"minecraft:grass_block":4,"minecraft:iron_ore":36,"minecraft:andesite":5,"minecraft:stone":37,"minecraft:torch":2,"minecraft:tall_grass":8,"minecraft:lapis_ore":1,"minecraft:diorite":11,"minecraft:iron_door":1,"minecraft:wall_torch":3,"minecraft:bee_nest":2,"minecraft:grass_path":1,"minecraft:grass":23,"minecraft:oak_log":15,"minecraft:coal_ore":50,"minecraft:dirt":14,"minecraft:cracked_stone_bricks":8,"minecraft:stone_bricks":6,"minecraft:gold_ore":18,"minecraft:oak_leaves":2},"minecraft:crafted":{"minecraft:oak_planks":16,"minecraft:cooked_chicken":3,"minecraft:cooked_mutton":7,"minecraft:stone_pickaxe":1,"minecraft:cooked_beef":26,"minecraft:cooked_porkchop":12,"minecraft:crafting_table":2,"minecraft:wooden_pickaxe":1,"minecraft:stick":4,"minecraft:iron_ingot":8,"minecraft:gold_ingot":18},"minecraft:used":{"arthas_rpg_arms:skulk_hammer":2,"minecraft:torch":12,"minecraft:dirt":15,"minecraft:stone_bricks":5,"minecraft:beef":5,"minecraft:egg":1,"minecraft:cooked_beef":19,"mine_curse:sukuna_finger":1,"minecraft:stone_pickaxe":131,"mine_curse:wormeat":3,"minecraft:wooden_pickaxe":8,"minecraft:cracked_stone_bricks":7,"minecraft:crafting_table":2,"minecraft:lever":2,"minecraft:iron_pickaxe":39,"rpgsmw:ironscane":10,"minecraft:cobblestone":18,"minecraft:andesite":4}},"DataVersion":2586}