{"stats":{"minecraft:killed_by":{"minecraft:player":1,"minecraft:skeleton":4},"minecraft:dropped":{"minecraft:wheat_seeds":26,"arthas_rpg_arms:excalibur":1,"minecraft:oak_log":11,"minecraft:dark_oak_sapling":1,"rpgsmw:rpg_weapons_book":1,"minecraft:iron_helmet":1,"minecraft:cobblestone":42,"minecraft:rotten_flesh":2,"minecraft:oak_planks":3,"minecraft:iron_boots":2,"minecraft:leather":8,"minecraft:granite":4,"arthas_rpg_arms:sword_of_the_void":2,"arthas_rpg_arms:devoid_chestplate":1,"minecraft:oxeye_daisy":1,"minecraft:iron_chestplate":1,"mine_curse:recomendation_letter":2,"minecraft:andesite":3,"minecraft:iron_leggings":2,"arthas_rpg_arms:amethyst_crown_helmet":1,"minecraft:arrow":7,"minecraft:stone_pickaxe":1,"minecraft:bone":9},"minecraft:picked_up":{"arthas_rpg_arms:plated_steel_boots":1,"minecraft:iron_chestplate":2,"minecraft:cooked_beef":5,"minecraft:andesite":7,"minecraft:leather":8,"minecraft:oak_log":15,"minecraft:lapis_lazuli":7,"minecraft:dirt":32,"arthas_rpg_arms:amethyst_crown_helmet":1,"mine_curse:life_scroll":20,"minecraft:iron_leggings":3,"minecraft:bone":9,"arthas_rpg_arms:plated_steel_leggings":1,"arthas_rpg_arms:sword_of_the_void":1,"minecraft:wheat_seeds":26,"minecraft:beef":19,"minecraft:stone_pickaxe":1,"minecraft:iron_ore":34,"minecraft:iron_pickaxe":1,"rpgsmw:ironscane":1,"minecraft:iron_boots":3,"minecraft:egg":1,"minecraft:dark_oak_sapling":1,"arthas_rpg_arms:devoid_chestplate":1,"mine_curse:recomendation_letter":2,"minecraft:torch":12,"minecraft:porkchop":2,"mine_curse:sukuna_technique":1,"minecraft:diorite":11,"minecraft:gold_ore":18,"mine_curse:reverse_scroll":1,"mine_curse:hundred_yens":1,"arthas_rpg_arms:plated_steel_chestplate":1,"mine_curse:wormeat":3,"minecraft:arrow":7,"arthas_rpg_arms:plated_steel_helmet":1,"minecraft:rotten_flesh":2,"minecraft:iron_helmet":2,"minecraft:granite":4,"minecraft:mutton":2,"minecraft:coal":48,"minecraft:cobblestone":60,"minecraft:oxeye_daisy":1},"minecraft:custom":{"minecraft:interact_with_furnace":18,"minecraft:interact_with_anvil":3,"minecraft:mob_kills":28,"minecraft:interact_with_crafting_table":4,"minecraft:play_one_minute":164112,"minecraft:leave_game":6,"minecraft:time_since_death":19432,"minecraft:sleep_in_bed":2,"minecraft:climb_one_cm":1143,"minecraft:damage_resisted":7088,"minecraft:time_since_rest":19473,"minecraft:sprint_one_cm":390866,"minecraft:damage_taken":66700,"minecraft:walk_one_cm":1001565,"minecraft:damage_blocked_by_shield":3255,"minecraft:drop":71,"minecraft:damage_dealt":5554,"minecraft:fly_one_cm":271501,"minecraft:open_chest":20,"minecraft:crouch_one_cm":1542,"minecraft:deaths":51,"minecraft:sneak_time":497,"minecraft:walk_under_water_one_cm":6054,"minecraft:jump":1939,"minecraft:interact_with_blast_furnace":1,"minecraft:walk_on_water_one_cm":61551,"minecraft:fall_one_cm":89567},"minecraft:killed":{"minecraft:pig":1,"minecraft:skeleton":5,"mine_curse:curse_31":1,"mine_curse:curse_42":9,"minecraft:cow":3},"minecraft:mined":{"minecraft:torch":2,"minecraft:granite":4,"minecraft:grass_block":3,"minecraft:tall_grass":8,"minecraft:lapis_ore":1,"minecraft:diorite":11,"minecraft:wall_torch":3,"minecraft:iron_ore":36,"minecraft:andesite":5,"minecraft:grass_path":1,"minecraft:grass":14,"minecraft:oak_log":15,"minecraft:coal_ore":50,"minecraft:dirt":14,"minecraft:stone":37,"minecraft:gold_ore":18,"minecraft:oak_leaves":2},"minecraft:crafted":{"minecraft:cooked_beef":13,"minecraft:oak_planks":16,"minecraft:cooked_porkchop":2,"minecraft:crafting_table":2,"minecraft:wooden_pickaxe":1,"minecraft:cooked_mutton":2,"minecraft:stick":4,"minecraft:iron_ingot":1,"minecraft:stone_pickaxe":1},"minecraft:used":{"minecraft:stone_pickaxe":117,"mine_curse:wormeat":3,"minecraft:wooden_pickaxe":7,"arthas_rpg_arms:skulk_hammer":2,"minecraft:torch":12,"minecraft:dirt":15,"minecraft:crafting_table":2,"minecraft:iron_pickaxe":39,"rpgsmw:ironscane":2,"minecraft:cobblestone":15,"minecraft:beef":5,"minecraft:andesite":4,"minecraft:cooked_beef":9}},"DataVersion":2586}