{"stats":{"minecraft:custom":{"minecraft:jump":133,"minecraft:time_since_rest":1986,"minecraft:walk_on_water_one_cm":81,"minecraft:damage_dealt":0,"minecraft:crouch_one_cm":160,"minecraft:sprint_one_cm":10830,"minecraft:leave_game":2,"minecraft:play_time":6824,"minecraft:deaths":1,"minecraft:time_since_death":1964,"minecraft:walk_one_cm":4579,"minecraft:sneak_time":43,"minecraft:total_world_time":6824,"minecraft:fall_one_cm":4725,"minecraft:fly_one_cm":45009},"minecraft:killed_by":{"solo_leveling:ruler":1}},"DataVersion":3465}