{"stats":{"minecraft:picked_up":{"minecraft:crafting_table":1,"minecraft:raw_iron":1,"minecraft:feather":6,"minecraft:cooked_beef":7,"minecraft:chicken":4,"minecraft:andesite":1,"minecraft:leather":3,"minecraft:torch":1,"minecraft:porkchop":22,"minecraft:spruce_log":20,"minecraft:dirt":23,"minecraft:bone":2,"minecraft:pumpkin_seeds":4,"minecraft:arrow":2,"minecraft:rotten_flesh":14,"minecraft:beetroot_seeds":4,"minecraft:beef":8,"minecraft:iron_ingot":1,"minecraft:melon_seeds":3,"minecraft:chest":2,"minecraft:mutton":8,"minecraft:coal":86,"minecraft:white_wool":5,"minecraft:cobblestone":52,"minecraft:egg":1},"minecraft:crafted":{"minecraft:crafting_table":1,"minecraft:spruce_planks":80,"minecraft:stick":36,"minecraft:wooden_pickaxe":1,"minecraft:stone_pickaxe":2,"minecraft:stone_sword":1,"minecraft:furnace":2,"minecraft:torch":60,"minecraft:stone_axe":1},"minecraft:killed":{"minecraft:sheep":5,"minecraft:skeleton":1,"minecraft:pig":9,"minecraft:zombie":9,"minecraft:chicken":4,"minecraft:cow":4},"minecraft:dropped":{"minecraft:cooked_beef":1},"minecraft:used":{"minecraft:stone_sword":43,"minecraft:stone_pickaxe":116,"minecraft:wooden_pickaxe":15,"minecraft:rotten_flesh":2,"minecraft:stone_axe":1,"minecraft:torch":27,"minecraft:cobblestone":9,"minecraft:crafting_table":2,"minecraft:furnace":2,"minecraft:cooked_beef":6},"minecraft:mined":{"minecraft:iron_ore":1,"minecraft:spruce_log":20,"minecraft:andesite":1,"minecraft:crafting_table":1,"minecraft:coal_ore":87,"minecraft:chest":2,"minecraft:cobblestone":9,"minecraft:spruce_leaves":10,"minecraft:stone":33},"minecraft:custom":{"minecraft:time_since_rest":38771,"minecraft:interact_with_furnace":3,"minecraft:sprint_one_cm":118357,"minecraft:walk_one_cm":51400,"minecraft:mob_kills":32,"minecraft:drop":1,"minecraft:damage_dealt":3921,"minecraft:interact_with_crafting_table":8,"minecraft:fly_one_cm":243564,"minecraft:open_chest":3,"minecraft:crouch_one_cm":321,"minecraft:play_time":46730,"minecraft:deaths":2,"minecraft:sneak_time":122,"minecraft:walk_under_water_one_cm":793,"minecraft:jump":854,"minecraft:leave_game":3,"minecraft:walk_on_water_one_cm":352,"minecraft:time_since_death":38749,"minecraft:total_world_time":46730,"minecraft:fall_one_cm":28680},"minecraft:killed_by":{"minecraft:skeleton":1,"solo_leveling:ruler":1}},"DataVersion":3465}