{"stats":{"minecraft:picked_up":{"minecraft:cooked_beef":7,"minecraft:rotten_flesh":10,"minecraft:iron_ingot":1,"minecraft:spruce_log":20,"minecraft:coal":47,"minecraft:dirt":23,"minecraft:cobblestone":34},"minecraft:crafted":{"minecraft:stone_sword":1,"minecraft:torch":28,"minecraft:crafting_table":1,"minecraft:spruce_planks":80,"minecraft:stick":12,"minecraft:wooden_pickaxe":1,"minecraft:stone_pickaxe":1},"minecraft:killed":{"minecraft:zombie":7},"minecraft:used":{"minecraft:rotten_flesh":2,"minecraft:torch":9,"minecraft:stone_sword":16,"minecraft:crafting_table":1,"minecraft:stone_pickaxe":57,"minecraft:wooden_pickaxe":15,"minecraft:cooked_beef":1},"minecraft:mined":{"minecraft:coal_ore":47,"minecraft:spruce_leaves":10,"minecraft:spruce_log":20,"minecraft:stone":25},"minecraft:custom":{"minecraft:time_since_rest":14771,"minecraft:crouch_one_cm":256,"minecraft:play_time":22730,"minecraft:sprint_one_cm":64409,"minecraft:deaths":2,"minecraft:walk_one_cm":30790,"minecraft:sneak_time":77,"minecraft:mob_kills":7,"minecraft:jump":547,"minecraft:damage_dealt":1642,"minecraft:leave_game":3,"minecraft:time_since_death":14749,"minecraft:walk_on_water_one_cm":242,"minecraft:total_world_time":22730,"minecraft:interact_with_crafting_table":3,"minecraft:fall_one_cm":17704,"minecraft:fly_one_cm":159724},"minecraft:killed_by":{"minecraft:skeleton":1,"solo_leveling:ruler":1}},"DataVersion":3465}