{"stats":{"minecraft:crafted":{"minecraft:cooked_beef":8,"minecraft:cooked_porkchop":12,"minecraft:crafting_table":1,"minecraft:spruce_planks":80,"minecraft:iron_helmet":1,"minecraft:wooden_pickaxe":1,"minecraft:cooked_chicken":4,"minecraft:iron_sword":1,"minecraft:furnace":2,"minecraft:stone_axe":1,"minecraft:air":0,"minecraft:iron_boots":2,"minecraft:iron_chestplate":1,"minecraft:shield":2,"minecraft:stick":52,"minecraft:iron_ingot":11,"minecraft:stone_pickaxe":2,"minecraft:stone_sword":1,"minecraft:iron_leggings":1,"minecraft:white_bed":1,"minecraft:torch":124},"minecraft:killed":{"minecraft:husk":7,"minecraft:pig":9,"minecraft:spider":1,"naturalist:snail":2,"minecraft:sheep":5,"minecraft:skeleton":4,"minecraft:zombie":9,"minecraft:chicken":4,"minecraft:cow":4},"minecraft:mined":{"minecraft:smithing_table":1,"minecraft:white_bed":1,"minecraft:spruce_planks":11,"minecraft:yellow_wall_banner":1,"minecraft:crafting_table":1,"minecraft:blast_furnace":1,"minecraft:chest":4,"minecraft:cobblestone":9,"minecraft:spruce_leaves":10,"minecraft:hay_block":14,"minecraft:furnace":1,"minecraft:iron_ore":11,"minecraft:barrel":9,"minecraft:spruce_log":20,"minecraft:andesite":1,"minecraft:yellow_glazed_terracotta":1,"minecraft:red_wall_banner":1,"minecraft:grass":4,"minecraft:bookshelf":8,"minecraft:coal_ore":97,"minecraft:stone":33},"minecraft:custom":{"minecraft:interact_with_furnace":19,"minecraft:mob_kills":45,"minecraft:interact_with_crafting_table":16,"minecraft:open_barrel":7,"minecraft:leave_game":3,"minecraft:time_since_death":1465,"minecraft:sleep_in_bed":2,"minecraft:climb_one_cm":146,"minecraft:time_since_rest":242,"minecraft:sprint_one_cm":213356,"minecraft:walk_one_cm":122367,"minecraft:damage_blocked_by_shield":225,"minecraft:drop":24,"minecraft:damage_dealt":9270,"minecraft:fly_one_cm":311823,"minecraft:open_chest":18,"minecraft:crouch_one_cm":321,"minecraft:play_time":70886,"minecraft:deaths":5,"minecraft:sneak_time":168,"minecraft:walk_under_water_one_cm":793,"minecraft:jump":1158,"minecraft:walk_on_water_one_cm":1035,"minecraft:total_world_time":70886,"minecraft:fall_one_cm":37520},"minecraft:killed_by":{"minecraft:husk":2,"minecraft:skeleton":1,"solo_leveling:ruler":1},"minecraft:picked_up":{"minecraft:crafting_table":1,"minecraft:feather":6,"minecraft:cooked_beef":7,"minecraft:chicken":4,"minecraft:tripwire_hook":5,"minecraft:andesite":1,"minecraft:leather":3,"minecraft:smithing_table":1,"minecraft:potion":2,"minecraft:mushroom_stew":6,"minecraft:yellow_glazed_terracotta":1,"minecraft:dirt":40,"minecraft:bone":4,"minecraft:beetroot":3,"minecraft:apple":9,"minecraft:wheat_seeds":4,"minecraft:spruce_planks":11,"minecraft:iron_ingot":1,"minecraft:beef":8,"minecraft:glass_bottle":2,"naturalist:snail_shell":2,"minecraft:chest":4,"minecraft:egg":1,"minecraft:furnace":1,"minecraft:book":24,"minecraft:raw_iron":11,"minecraft:dark_oak_slab":2,"minecraft:cooked_porkchop":5,"minecraft:torch":1,"minecraft:porkchop":22,"minecraft:cake":1,"minecraft:white_bed":1,"minecraft:blast_furnace":1,"minecraft:spruce_log":20,"minecraft:carrot":11,"minecraft:barrel":8,"minecraft:spider_eye":1,"minecraft:pumpkin_seeds":4,"minecraft:arrow":5,"minecraft:rotten_flesh":22,"minecraft:slime_ball":2,"minecraft:beetroot_seeds":4,"minecraft:pumpkin_pie":4,"minecraft:soul_lantern":3,"minecraft:hay_block":14,"minecraft:glistering_melon_slice":4,"minecraft:melon_seeds":3,"minecraft:mutton":8,"minecraft:coal":125,"minecraft:white_wool":5,"minecraft:cobblestone":52},"minecraft:dropped":{"naturalist:snail_shell":2,"minecraft:cooked_beef":1,"minecraft:stone_sword":1,"minecraft:glass_bottle":2,"minecraft:soul_lantern":3,"minecraft:iron_boots":1,"minecraft:mushroom_stew":5,"minecraft:leather_chestplate":1,"minecraft:shield":1,"minecraft:torch":32,"minecraft:potion":2,"minecraft:iron_leggings":1,"minecraft:spider_eye":1,"minecraft:stone_pickaxe":1,"minecraft:tripwire_hook":5},"minecraft:used":{"minecraft:stone_sword":43,"minecraft:stone_pickaxe":157,"minecraft:shield":3,"minecraft:chest":2,"minecraft:wooden_pickaxe":15,"minecraft:iron_sword":61,"minecraft:rotten_flesh":2,"minecraft:iron_chestplate":1,"minecraft:torch":30,"minecraft:crafting_table":2,"minecraft:white_bed":2,"minecraft:iron_helmet":1,"minecraft:iron_boots":2,"minecraft:stone_axe":34,"minecraft:cobblestone":9,"minecraft:furnace":3,"minecraft:cooked_porkchop":4,"minecraft:egg":1,"minecraft:cooked_beef":8,"minecraft:iron_leggings":1}},"DataVersion":3465}