{"stats":{"minecraft:crafted":{"minecraft:spruce_planks":52},"minecraft:mined":{"minecraft:spruce_leaves":8,"minecraft:spruce_log":20},"minecraft:custom":{"minecraft:jump":314,"minecraft:time_since_rest":4865,"minecraft:walk_on_water_one_cm":81,"minecraft:damage_dealt":0,"minecraft:crouch_one_cm":160,"minecraft:sprint_one_cm":39218,"minecraft:leave_game":2,"minecraft:play_time":12824,"minecraft:deaths":2,"minecraft:time_since_death":4843,"minecraft:walk_one_cm":8273,"minecraft:sneak_time":60,"minecraft:total_world_time":12824,"minecraft:fall_one_cm":9975,"minecraft:fly_one_cm":103686},"minecraft:picked_up":{"minecraft:spruce_log":20},"minecraft:killed_by":{"solo_leveling:ruler":1,"minecraft:skeleton":1}},"DataVersion":3465}