{"stats":{"minecraft:picked_up":{"minecraft:crafting_table":3,"minecraft:wheat":1,"minecraft:ladder":2,"minecraft:chicken":4,"minecraft:smithing_table":1,"minecraft:diamond_sword":1,"minecraft:wooden_pickaxe":2,"minecraft:potion":3,"minecraft:brewing_stand":1,"minecraft:string":10,"minecraft:dark_oak_trapdoor":1,"minecraft:armor_stand":1,"minecraft:beetroot":12,"minecraft:spruce_planks":11,"minecraft:beef":8,"minecraft:melon_slice":16,"minecraft:chest":6,"minecraft:spruce_trapdoor":8,"minecraft:copper_ore":1,"minecraft:egg":1,"minecraft:furnace":2,"minecraft:raw_iron":11,"minecraft:torch":1,"minecraft:note_block":3,"minecraft:porkchop":35,"minecraft:cake":4,"minecraft:carrot":20,"minecraft:golden_chestplate":5,"minecraft:waxed_cut_copper_stairs":10,"minecraft:tnt":2,"minecraft:arrow":29,"minecraft:rotten_flesh":187,"minecraft:beetroot_seeds":12,"minecraft:pumpkin_pie":9,"minecraft:hay_block":38,"minecraft:saddle":5,"minecraft:glistering_melon_slice":4,"minecraft:mutton":8,"minecraft:white_wool":5,"minecraft:cobblestone":54,"minecraft:mud_bricks":2,"minecraft:clock":1,"minecraft:feather":6,"minecraft:cooked_beef":7,"minecraft:tripwire_hook":5,"minecraft:andesite":1,"minecraft:leather":17,"minecraft:mushroom_stew":10,"minecraft:waxed_copper_block":8,"minecraft:yellow_glazed_terracotta":1,"minecraft:chainmail_chestplate":1,"minecraft:gunpowder":9,"minecraft:dirt":41,"minecraft:bone":30,"minecraft:apple":9,"minecraft:bow":2,"minecraft:wheat_seeds":5,"minecraft:iron_ingot":1,"minecraft:dark_oak_sign":7,"minecraft:glass_bottle":2,"naturalist:snail_shell":2,"minecraft:iron_sword":1,"minecraft:book":24,"minecraft:dark_oak_slab":4,"minecraft:cooked_porkchop":6,"minecraft:lily_of_the_valley":1,"minecraft:blast_furnace":1,"minecraft:white_bed":1,"minecraft:spruce_log":20,"minecraft:cyan_bed":8,"minecraft:barrel":13,"minecraft:spider_eye":4,"minecraft:pumpkin_seeds":4,"minecraft:slime_ball":2,"minecraft:soul_lantern":4,"minecraft:chainmail_leggings":1,"minecraft:spruce_sign":8,"minecraft:bread":1,"minecraft:melon_seeds":9,"minecraft:coal":125},"minecraft:crafted":{"minecraft:cooked_chicken":4,"minecraft:furnace":2,"minecraft:cooked_mutton":8,"minecraft:iron_boots":2,"minecraft:stone_pickaxe":2,"sophisticatedbackpacks:iron_backpack":1,"minecraft:cooked_beef":8,"sophisticatedbackpacks:backpack":2,"minecraft:cooked_porkchop":12,"minecraft:crafting_table":1,"minecraft:spruce_planks":80,"minecraft:wooden_pickaxe":1,"minecraft:iron_helmet":1,"minecraft:iron_sword":1,"minecraft:stone_axe":1,"minecraft:air":0,"minecraft:iron_chestplate":1,"minecraft:shield":2,"minecraft:stick":52,"minecraft:iron_ingot":11,"minecraft:stone_sword":1,"minecraft:iron_leggings":1,"minecraft:white_bed":1,"minecraft:torch":124},"minecraft:killed":{"minecraft:spider":12,"naturalist:snail":2,"minecraft:horse":4,"minecraft:skeleton":17,"minecraft:chicken":4,"minecraft:husk":13,"minecraft:pig":14,"minecraft:creeper":2,"minecraft:sheep":5,"minecraft:zombie":20,"minecraft:cow":4},"minecraft:used":{"minecraft:stone_sword":43,"minecraft:ladder":2,"minecraft:chest":2,"minecraft:shield":21,"minecraft:iron_sword":188,"minecraft:rotten_flesh":2,"minecraft:iron_chestplate":2,"minecraft:torch":92,"minecraft:dirt":20,"minecraft:copper_ore":1,"minecraft:iron_helmet":1,"minecraft:iron_boots":2,"minecraft:furnace":3,"minecraft:egg":1,"minecraft:cooked_beef":8,"minecraft:iron_leggings":1,"minecraft:cooked_mutton":2,"minecraft:stone_pickaxe":209,"minecraft:wooden_pickaxe":15,"minecraft:golden_apple":4,"minecraft:crafting_table":3,"minecraft:white_bed":2,"minecraft:note_block":3,"minecraft:cyan_bed":8,"minecraft:stone_axe":66,"minecraft:diamond_sword":15,"minecraft:cobblestone":9,"minecraft:cooked_porkchop":16},"minecraft:dropped":{"minecraft:iron_sword":1,"naturalist:snail_shell":2,"minecraft:wheat_seeds":2,"minecraft:cooked_beef":1,"minecraft:glass_bottle":2,"minecraft:crafting_table":1,"minecraft:cooked_porkchop":1,"minecraft:dark_oak_slab":4,"minecraft:cobblestone":1,"minecraft:leather":6,"minecraft:mushroom_stew":10,"minecraft:torch":32,"minecraft:dark_oak_trapdoor":1,"minecraft:potion":3,"minecraft:iron_leggings":1,"minecraft:chainmail_leggings":1,"minecraft:tripwire_hook":5,"minecraft:white_wool":1,"minecraft:bone":4,"minecraft:golden_chestplate":4,"minecraft:stone_sword":1,"minecraft:wheat":1,"minecraft:soul_lantern":4,"minecraft:rotten_flesh":135,"minecraft:iron_boots":1,"sophisticatedbackpacks:backpack":1,"minecraft:cooked_mutton":4,"minecraft:chainmail_chestplate":1,"minecraft:lily_of_the_valley":1,"minecraft:leather_chestplate":1,"minecraft:shield":1,"minecraft:spruce_trapdoor":6,"minecraft:beetroot_seeds":8,"minecraft:melon_seeds":6,"minecraft:spider_eye":4,"minecraft:bow":1,"minecraft:wooden_pickaxe":2,"minecraft:stone_pickaxe":1},"minecraft:mined":{"minecraft:spruce_planks":11,"minecraft:white_bed":1,"minecraft:yellow_wall_banner":1,"minecraft:brewing_stand":1,"minecraft:spruce_trapdoor":4,"minecraft:ladder":2,"minecraft:dark_oak_fence":1,"minecraft:spruce_leaves":10,"minecraft:spawner":4,"minecraft:hay_block":38,"minecraft:furnace":2,"minecraft:dark_oak_trapdoor":1,"minecraft:iron_ore":11,"minecraft:barrel":14,"minecraft:andesite":1,"minecraft:bookshelf":8,"minecraft:cave_vines":2,"minecraft:stone":33,"minecraft:waxed_cut_copper_stairs":10,"minecraft:smithing_table":1,"minecraft:crafting_table":2,"minecraft:note_block":3,"minecraft:blast_furnace":1,"minecraft:melon":3,"minecraft:chest":6,"minecraft:cobblestone":10,"minecraft:cyan_bed":9,"minecraft:black_stained_glass":4,"minecraft:spruce_log":20,"minecraft:waxed_copper_block":10,"minecraft:tnt":2,"minecraft:yellow_glazed_terracotta":1,"minecraft:red_wall_banner":1,"minecraft:grass":4,"minecraft:coal_ore":97,"minecraft:acacia_fence":1,"minecraft:dirt":1,"minecraft:oak_leaves":1},"minecraft:custom":{"minecraft:mob_kills":100,"minecraft:interact_with_crafting_table":20,"minecraft:open_barrel":42,"minecraft:leave_game":3,"minecraft:time_since_death":2514,"minecraft:climb_one_cm":8200,"minecraft:sprint_one_cm":655962,"minecraft:walk_one_cm":387757,"minecraft:damage_blocked_by_shield":1530,"minecraft:drop":86,"minecraft:play_noteblock":6,"minecraft:play_time":142676,"minecraft:deaths":50,"minecraft:sneak_time":999,"minecraft:walk_under_water_one_cm":793,"minecraft:interact_with_brewingstand":3,"minecraft:jump":1863,"minecraft:walk_on_water_one_cm":2192,"minecraft:total_world_time":142676,"minecraft:interact_with_furnace":22,"minecraft:sleep_in_bed":3,"minecraft:time_since_rest":2539,"minecraft:open_enderchest":1,"minecraft:damage_dealt":22963,"minecraft:fly_one_cm":474953,"minecraft:open_chest":57,"minecraft:crouch_one_cm":2592,"minecraft:fall_one_cm":62467},"minecraft:killed_by":{"minecraft:husk":20,"minecraft:wither_skeleton":2,"minecraft:skeleton":14,"minecraft:zombie":8,"solo_leveling:ruler":5}},"DataVersion":3465}