{"stats":{"minecraft:picked_up":{"minecraft:cooked_beef":7,"minecraft:rotten_flesh":12,"minecraft:iron_ingot":1,"minecraft:spruce_log":20,"minecraft:coal":67,"minecraft:dirt":23,"minecraft:cobblestone":35},"minecraft:crafted":{"minecraft:stone_sword":1,"minecraft:torch":28,"minecraft:crafting_table":1,"minecraft:spruce_planks":80,"minecraft:stick":12,"minecraft:wooden_pickaxe":1,"minecraft:stone_pickaxe":1},"minecraft:killed":{"minecraft:zombie":9},"minecraft:used":{"minecraft:rotten_flesh":2,"minecraft:torch":12,"minecraft:stone_sword":19,"minecraft:cobblestone":9,"minecraft:crafting_table":1,"minecraft:stone_pickaxe":78,"minecraft:wooden_pickaxe":15,"minecraft:cooked_beef":2},"minecraft:mined":{"minecraft:coal_ore":67,"minecraft:spruce_leaves":10,"minecraft:spruce_log":20,"minecraft:stone":26},"minecraft:custom":{"minecraft:time_since_rest":26771,"minecraft:crouch_one_cm":256,"minecraft:play_time":34730,"minecraft:sprint_one_cm":68931,"minecraft:deaths":2,"minecraft:walk_one_cm":33918,"minecraft:sneak_time":78,"minecraft:mob_kills":9,"minecraft:jump":576,"minecraft:damage_dealt":1921,"minecraft:leave_game":3,"minecraft:time_since_death":26749,"minecraft:walk_on_water_one_cm":242,"minecraft:total_world_time":34730,"minecraft:interact_with_crafting_table":3,"minecraft:fall_one_cm":17913,"minecraft:fly_one_cm":166307},"minecraft:killed_by":{"minecraft:skeleton":1,"solo_leveling:ruler":1}},"DataVersion":3465}