{"stats":{"minecraft:picked_up":{"minecraft:crafting_table":1,"minecraft:feather":6,"minecraft:cooked_beef":7,"minecraft:chicken":4,"minecraft:tripwire_hook":5,"minecraft:andesite":1,"minecraft:leather":3,"minecraft:potion":2,"minecraft:mushroom_stew":4,"minecraft:dirt":23,"minecraft:bone":4,"minecraft:apple":9,"minecraft:beetroot":3,"minecraft:wheat_seeds":2,"minecraft:spruce_planks":11,"minecraft:iron_ingot":1,"minecraft:beef":8,"naturalist:snail_shell":1,"minecraft:chest":3,"minecraft:egg":1,"minecraft:furnace":1,"minecraft:raw_iron":11,"minecraft:cooked_porkchop":5,"minecraft:torch":1,"minecraft:porkchop":22,"minecraft:cake":1,"minecraft:carrot":11,"minecraft:spruce_log":20,"minecraft:barrel":8,"minecraft:spider_eye":1,"minecraft:pumpkin_seeds":4,"minecraft:arrow":5,"minecraft:rotten_flesh":14,"minecraft:slime_ball":2,"minecraft:beetroot_seeds":4,"minecraft:pumpkin_pie":4,"minecraft:soul_lantern":2,"minecraft:hay_block":9,"minecraft:glistering_melon_slice":4,"minecraft:melon_seeds":3,"minecraft:mutton":8,"minecraft:coal":125,"minecraft:white_wool":5,"minecraft:cobblestone":52},"minecraft:crafted":{"minecraft:cooked_beef":8,"minecraft:cooked_porkchop":12,"minecraft:crafting_table":1,"minecraft:spruce_planks":80,"minecraft:wooden_pickaxe":1,"minecraft:cooked_chicken":4,"minecraft:iron_sword":1,"minecraft:furnace":2,"minecraft:stone_axe":1,"minecraft:air":0,"minecraft:iron_boots":1,"minecraft:iron_chestplate":1,"minecraft:stick":52,"minecraft:iron_ingot":11,"minecraft:stone_pickaxe":2,"minecraft:stone_sword":1,"minecraft:white_bed":1,"minecraft:torch":124},"minecraft:killed":{"minecraft:pig":9,"naturalist:snail":2,"minecraft:sheep":5,"minecraft:skeleton":3,"minecraft:zombie":9,"minecraft:chicken":4,"minecraft:cow":4},"minecraft:dropped":{"minecraft:cooked_beef":1,"minecraft:stone_sword":1,"minecraft:soul_lantern":1,"minecraft:iron_boots":1,"minecraft:torch":32,"minecraft:potion":1,"minecraft:spider_eye":1,"minecraft:stone_pickaxe":1},"minecraft:used":{"minecraft:stone_sword":43,"minecraft:stone_pickaxe":146,"minecraft:chest":2,"minecraft:wooden_pickaxe":15,"minecraft:iron_sword":6,"minecraft:rotten_flesh":2,"minecraft:iron_chestplate":1,"minecraft:torch":30,"minecraft:crafting_table":2,"minecraft:white_bed":1,"minecraft:iron_boots":1,"minecraft:stone_axe":23,"minecraft:cobblestone":9,"minecraft:furnace":3,"minecraft:cooked_porkchop":2,"minecraft:egg":1,"minecraft:cooked_beef":8},"minecraft:mined":{"minecraft:spruce_planks":11,"minecraft:crafting_table":1,"minecraft:chest":3,"minecraft:cobblestone":9,"minecraft:spruce_leaves":10,"minecraft:hay_block":9,"minecraft:furnace":1,"minecraft:barrel":9,"minecraft:iron_ore":11,"minecraft:spruce_log":20,"minecraft:andesite":1,"minecraft:red_wall_banner":1,"minecraft:grass":3,"minecraft:coal_ore":97,"minecraft:stone":33},"minecraft:custom":{"minecraft:interact_with_furnace":19,"minecraft:mob_kills":36,"minecraft:interact_with_crafting_table":11,"minecraft:open_barrel":6,"minecraft:leave_game":3,"minecraft:time_since_death":51340,"minecraft:sleep_in_bed":1,"minecraft:time_since_rest":6598,"minecraft:sprint_one_cm":156792,"minecraft:walk_one_cm":84865,"minecraft:drop":8,"minecraft:damage_dealt":4363,"minecraft:fly_one_cm":269240,"minecraft:open_chest":10,"minecraft:crouch_one_cm":321,"minecraft:play_time":59321,"minecraft:deaths":2,"minecraft:sneak_time":154,"minecraft:walk_under_water_one_cm":793,"minecraft:jump":989,"minecraft:walk_on_water_one_cm":1035,"minecraft:total_world_time":59321,"minecraft:fall_one_cm":32683},"minecraft:killed_by":{"minecraft:skeleton":1,"solo_leveling:ruler":1}},"DataVersion":3465}