{"stats":{"minecraft:crafted":{"minecraft:stone_sword":1,"minecraft:crafting_table":1,"minecraft:spruce_planks":80,"minecraft:stick":12,"minecraft:wooden_pickaxe":1,"minecraft:stone_pickaxe":1},"minecraft:mined":{"minecraft:spruce_leaves":10,"minecraft:spruce_log":20,"minecraft:stone":15},"minecraft:custom":{"minecraft:time_since_rest":8929,"minecraft:crouch_one_cm":160,"minecraft:play_time":16888,"minecraft:sprint_one_cm":49656,"minecraft:walk_one_cm":11101,"minecraft:deaths":2,"minecraft:sneak_time":62,"minecraft:jump":422,"minecraft:damage_dealt":0,"minecraft:time_since_death":8907,"minecraft:leave_game":3,"minecraft:walk_on_water_one_cm":81,"minecraft:total_world_time":16888,"minecraft:interact_with_crafting_table":2,"minecraft:fall_one_cm":13706,"minecraft:fly_one_cm":137356},"minecraft:picked_up":{"minecraft:spruce_log":20,"minecraft:cobblestone":15},"minecraft:killed_by":{"minecraft:skeleton":1,"solo_leveling:ruler":1},"minecraft:used":{"minecraft:crafting_table":1,"minecraft:wooden_pickaxe":15}},"DataVersion":3465}