{"stats":{"minecraft:picked_up":{"minecraft:crafting_table":1,"minecraft:ladder":2,"minecraft:chicken":4,"minecraft:smithing_table":1,"minecraft:potion":3,"minecraft:string":10,"minecraft:dark_oak_trapdoor":1,"minecraft:armor_stand":1,"minecraft:beetroot":6,"minecraft:spruce_planks":11,"minecraft:beef":8,"minecraft:melon_slice":16,"minecraft:chest":4,"minecraft:egg":1,"minecraft:furnace":1,"minecraft:raw_iron":11,"minecraft:torch":1,"minecraft:porkchop":35,"minecraft:cake":4,"minecraft:carrot":20,"minecraft:golden_chestplate":2,"minecraft:waxed_cut_copper_stairs":10,"minecraft:arrow":14,"minecraft:rotten_flesh":52,"minecraft:beetroot_seeds":4,"minecraft:pumpkin_pie":9,"minecraft:hay_block":38,"minecraft:glistering_melon_slice":4,"minecraft:mutton":8,"minecraft:white_wool":5,"minecraft:cobblestone":52,"minecraft:feather":6,"minecraft:cooked_beef":7,"minecraft:tripwire_hook":5,"minecraft:andesite":1,"minecraft:leather":17,"minecraft:mushroom_stew":6,"minecraft:waxed_copper_block":8,"minecraft:yellow_glazed_terracotta":1,"minecraft:chainmail_chestplate":1,"minecraft:gunpowder":1,"minecraft:dirt":41,"minecraft:bone":11,"minecraft:apple":9,"minecraft:wheat_seeds":5,"minecraft:iron_ingot":1,"minecraft:dark_oak_sign":7,"minecraft:glass_bottle":2,"naturalist:snail_shell":2,"minecraft:book":24,"minecraft:dark_oak_slab":4,"minecraft:cooked_porkchop":6,"minecraft:blast_furnace":1,"minecraft:white_bed":1,"minecraft:spruce_log":20,"minecraft:cyan_bed":4,"minecraft:barrel":13,"minecraft:spider_eye":4,"minecraft:pumpkin_seeds":4,"minecraft:slime_ball":2,"minecraft:soul_lantern":4,"minecraft:chainmail_leggings":1,"minecraft:spruce_sign":4,"minecraft:bread":1,"minecraft:melon_seeds":3,"minecraft:coal":125},"minecraft:crafted":{"minecraft:cooked_chicken":4,"minecraft:furnace":2,"minecraft:iron_boots":2,"minecraft:stone_pickaxe":2,"minecraft:cooked_beef":8,"sophisticatedbackpacks:backpack":2,"minecraft:cooked_porkchop":12,"minecraft:crafting_table":1,"minecraft:spruce_planks":80,"minecraft:wooden_pickaxe":1,"minecraft:iron_helmet":1,"minecraft:iron_sword":1,"minecraft:stone_axe":1,"minecraft:air":0,"minecraft:iron_chestplate":1,"minecraft:shield":2,"minecraft:stick":52,"minecraft:iron_ingot":11,"minecraft:stone_sword":1,"minecraft:iron_leggings":1,"minecraft:white_bed":1,"minecraft:torch":124},"minecraft:killed":{"minecraft:spider":12,"naturalist:snail":2,"minecraft:horse":4,"minecraft:skeleton":12,"minecraft:chicken":4,"minecraft:husk":13,"minecraft:pig":14,"minecraft:creeper":2,"minecraft:sheep":5,"minecraft:zombie":18,"minecraft:cow":4},"minecraft:dropped":{"naturalist:snail_shell":2,"minecraft:wheat_seeds":2,"minecraft:cooked_beef":1,"minecraft:glass_bottle":2,"minecraft:cooked_porkchop":1,"minecraft:dark_oak_slab":4,"minecraft:mushroom_stew":7,"minecraft:torch":32,"minecraft:dark_oak_trapdoor":1,"minecraft:potion":3,"minecraft:iron_leggings":1,"minecraft:chainmail_leggings":1,"minecraft:tripwire_hook":5,"minecraft:stone_sword":1,"minecraft:soul_lantern":3,"minecraft:iron_boots":1,"minecraft:chainmail_chestplate":1,"minecraft:leather_chestplate":1,"minecraft:shield":1,"minecraft:spider_eye":1,"minecraft:stone_pickaxe":1},"minecraft:used":{"minecraft:stone_sword":43,"minecraft:ladder":2,"minecraft:chest":2,"minecraft:shield":20,"minecraft:iron_sword":181,"minecraft:rotten_flesh":2,"minecraft:iron_chestplate":1,"minecraft:torch":33,"minecraft:dirt":14,"minecraft:iron_helmet":1,"minecraft:iron_boots":2,"minecraft:furnace":3,"minecraft:egg":1,"minecraft:cooked_beef":8,"minecraft:iron_leggings":1,"minecraft:stone_pickaxe":201,"minecraft:wooden_pickaxe":15,"minecraft:crafting_table":2,"minecraft:white_bed":2,"minecraft:cyan_bed":1,"minecraft:stone_axe":54,"minecraft:cobblestone":9,"minecraft:cooked_porkchop":13},"minecraft:mined":{"minecraft:spruce_planks":11,"minecraft:white_bed":1,"minecraft:yellow_wall_banner":1,"minecraft:ladder":2,"minecraft:dark_oak_fence":1,"minecraft:spruce_leaves":10,"minecraft:hay_block":38,"minecraft:furnace":1,"minecraft:dark_oak_trapdoor":1,"minecraft:iron_ore":11,"minecraft:barrel":14,"minecraft:andesite":1,"minecraft:bookshelf":8,"minecraft:stone":33,"minecraft:waxed_cut_copper_stairs":10,"minecraft:smithing_table":1,"minecraft:crafting_table":1,"minecraft:blast_furnace":1,"minecraft:melon":3,"minecraft:chest":4,"minecraft:cobblestone":9,"minecraft:cyan_bed":5,"minecraft:black_stained_glass":4,"minecraft:spruce_log":20,"minecraft:waxed_copper_block":10,"minecraft:yellow_glazed_terracotta":1,"minecraft:red_wall_banner":1,"minecraft:grass":4,"minecraft:coal_ore":97,"minecraft:dirt":1,"minecraft:oak_leaves":1},"minecraft:custom":{"minecraft:mob_kills":91,"minecraft:interact_with_crafting_table":19,"minecraft:open_barrel":15,"minecraft:leave_game":3,"minecraft:time_since_death":2429,"minecraft:climb_one_cm":6691,"minecraft:sprint_one_cm":372475,"minecraft:walk_one_cm":239720,"minecraft:damage_blocked_by_shield":1470,"minecraft:drop":35,"minecraft:play_time":100676,"minecraft:deaths":27,"minecraft:sneak_time":697,"minecraft:walk_under_water_one_cm":793,"minecraft:jump":1641,"minecraft:walk_on_water_one_cm":1825,"minecraft:total_world_time":100676,"minecraft:interact_with_furnace":19,"minecraft:sleep_in_bed":2,"minecraft:time_since_rest":2453,"minecraft:damage_dealt":21189,"minecraft:fly_one_cm":430958,"minecraft:open_chest":26,"minecraft:crouch_one_cm":1718,"minecraft:fall_one_cm":54268},"minecraft:killed_by":{"minecraft:husk":20,"minecraft:skeleton":3,"solo_leveling:ruler":3}},"DataVersion":3465}