{"stats":{"minecraft:crafted":{"minecraft:cooked_beef":8,"minecraft:cooked_porkchop":12,"minecraft:crafting_table":1,"minecraft:spruce_planks":80,"minecraft:iron_helmet":1,"minecraft:wooden_pickaxe":1,"minecraft:cooked_chicken":4,"minecraft:iron_sword":1,"minecraft:furnace":2,"minecraft:stone_axe":1,"minecraft:air":0,"minecraft:iron_boots":2,"minecraft:iron_chestplate":1,"minecraft:stick":52,"minecraft:iron_ingot":11,"minecraft:stone_pickaxe":2,"minecraft:stone_sword":1,"minecraft:iron_leggings":1,"minecraft:white_bed":1,"minecraft:torch":124},"minecraft:killed":{"minecraft:husk":6,"minecraft:pig":9,"naturalist:snail":2,"minecraft:sheep":5,"minecraft:skeleton":3,"minecraft:zombie":9,"minecraft:chicken":4,"minecraft:cow":4},"minecraft:mined":{"minecraft:smithing_table":1,"minecraft:spruce_planks":11,"minecraft:yellow_wall_banner":1,"minecraft:crafting_table":1,"minecraft:blast_furnace":1,"minecraft:chest":4,"minecraft:cobblestone":9,"minecraft:spruce_leaves":10,"minecraft:hay_block":14,"minecraft:furnace":1,"minecraft:iron_ore":11,"minecraft:barrel":9,"minecraft:spruce_log":20,"minecraft:andesite":1,"minecraft:yellow_glazed_terracotta":1,"minecraft:red_wall_banner":1,"minecraft:grass":3,"minecraft:bookshelf":8,"minecraft:coal_ore":97,"minecraft:stone":33},"minecraft:custom":{"minecraft:interact_with_furnace":19,"minecraft:mob_kills":42,"minecraft:interact_with_crafting_table":13,"minecraft:open_barrel":7,"minecraft:leave_game":3,"minecraft:time_since_death":546,"minecraft:sleep_in_bed":1,"minecraft:climb_one_cm":146,"minecraft:time_since_rest":568,"minecraft:sprint_one_cm":171963,"minecraft:walk_one_cm":108328,"minecraft:drop":20,"minecraft:damage_dealt":7104,"minecraft:fly_one_cm":269609,"minecraft:open_chest":14,"minecraft:crouch_one_cm":321,"minecraft:play_time":64886,"minecraft:deaths":3,"minecraft:sneak_time":160,"minecraft:walk_under_water_one_cm":793,"minecraft:jump":999,"minecraft:walk_on_water_one_cm":1035,"minecraft:total_world_time":64886,"minecraft:fall_one_cm":32683},"minecraft:killed_by":{"minecraft:husk":1,"minecraft:skeleton":1,"solo_leveling:ruler":1},"minecraft:picked_up":{"minecraft:crafting_table":1,"minecraft:feather":6,"minecraft:cooked_beef":7,"minecraft:chicken":4,"minecraft:tripwire_hook":5,"minecraft:andesite":1,"minecraft:leather":3,"minecraft:smithing_table":1,"minecraft:potion":2,"minecraft:mushroom_stew":6,"minecraft:yellow_glazed_terracotta":1,"minecraft:dirt":23,"minecraft:bone":4,"minecraft:beetroot":3,"minecraft:apple":9,"minecraft:wheat_seeds":2,"minecraft:spruce_planks":11,"minecraft:iron_ingot":1,"minecraft:beef":8,"naturalist:snail_shell":2,"minecraft:chest":4,"minecraft:egg":1,"minecraft:furnace":1,"minecraft:book":24,"minecraft:raw_iron":11,"minecraft:cooked_porkchop":5,"minecraft:torch":1,"minecraft:porkchop":22,"minecraft:cake":1,"minecraft:blast_furnace":1,"minecraft:spruce_log":20,"minecraft:carrot":11,"minecraft:barrel":8,"minecraft:spider_eye":1,"minecraft:pumpkin_seeds":4,"minecraft:arrow":5,"minecraft:rotten_flesh":22,"minecraft:slime_ball":2,"minecraft:beetroot_seeds":4,"minecraft:pumpkin_pie":4,"minecraft:soul_lantern":3,"minecraft:hay_block":14,"minecraft:glistering_melon_slice":4,"minecraft:melon_seeds":3,"minecraft:mutton":8,"minecraft:coal":125,"minecraft:white_wool":5,"minecraft:cobblestone":52},"minecraft:dropped":{"naturalist:snail_shell":2,"minecraft:cooked_beef":1,"minecraft:stone_sword":1,"minecraft:soul_lantern":3,"minecraft:iron_boots":1,"minecraft:mushroom_stew":5,"minecraft:leather_chestplate":1,"minecraft:torch":32,"minecraft:potion":2,"minecraft:spider_eye":1,"minecraft:stone_pickaxe":1,"minecraft:tripwire_hook":5},"minecraft:used":{"minecraft:stone_sword":43,"minecraft:stone_pickaxe":157,"minecraft:chest":2,"minecraft:wooden_pickaxe":15,"minecraft:iron_sword":38,"minecraft:rotten_flesh":2,"minecraft:iron_chestplate":1,"minecraft:torch":30,"minecraft:crafting_table":2,"minecraft:white_bed":1,"minecraft:iron_boots":1,"minecraft:stone_axe":34,"minecraft:cobblestone":9,"minecraft:furnace":3,"minecraft:cooked_porkchop":3,"minecraft:egg":1,"minecraft:cooked_beef":8,"minecraft:iron_leggings":1}},"DataVersion":3465}